-- phpMyAdmin SQL Dump
-- version 2.11.11.3
-- http://www.phpmyadmin.net
--
-- Host: 37.148.204.81
-- Generation Time: Oct 27, 2013 at 06:20 AM
-- Server version: 5.0.96
-- PHP Version: 5.1.6

SET SQL_MODE="NO_AUTO_VALUE_ON_ZERO";

--
-- Database: `uclpubcrawl`
--

-- --------------------------------------------------------

--
-- Table structure for table `crawls`
--

CREATE TABLE `crawls` (
  `crawl_id` int(11) NOT NULL auto_increment,
  `crawl_title` int(11) NOT NULL,
  `crawl_date_added` timestamp NOT NULL default CURRENT_TIMESTAMP on update CURRENT_TIMESTAMP,
  PRIMARY KEY  (`crawl_id`)
) ENGINE=InnoDB  DEFAULT CHARSET=utf8 AUTO_INCREMENT=696 ;

--
-- Dumping data for table `crawls`
--

INSERT INTO `crawls` VALUES(1, 0, '2013-10-26 16:58:37');
INSERT INTO `crawls` VALUES(2, 0, '2013-10-26 16:58:40');
INSERT INTO `crawls` VALUES(3, 0, '2013-10-26 16:58:42');
INSERT INTO `crawls` VALUES(4, 0, '2013-10-26 17:00:41');
INSERT INTO `crawls` VALUES(5, 0, '2013-10-26 17:01:12');
INSERT INTO `crawls` VALUES(6, 0, '2013-10-26 17:06:10');
INSERT INTO `crawls` VALUES(7, 0, '2013-10-26 17:06:13');
INSERT INTO `crawls` VALUES(8, 0, '2013-10-26 17:08:47');
INSERT INTO `crawls` VALUES(9, 0, '2013-10-26 17:10:30');
INSERT INTO `crawls` VALUES(10, 0, '2013-10-26 17:10:32');
INSERT INTO `crawls` VALUES(11, 0, '2013-10-26 17:11:09');
INSERT INTO `crawls` VALUES(12, 0, '2013-10-26 17:11:48');
INSERT INTO `crawls` VALUES(13, 0, '2013-10-26 17:13:28');
INSERT INTO `crawls` VALUES(14, 0, '2013-10-26 17:14:20');
INSERT INTO `crawls` VALUES(15, 0, '2013-10-26 17:14:44');
INSERT INTO `crawls` VALUES(16, 0, '2013-10-26 17:15:19');
INSERT INTO `crawls` VALUES(17, 0, '2013-10-26 17:16:28');
INSERT INTO `crawls` VALUES(18, 0, '2013-10-26 17:17:34');
INSERT INTO `crawls` VALUES(19, 0, '2013-10-26 17:18:53');
INSERT INTO `crawls` VALUES(20, 0, '2013-10-26 17:20:11');
INSERT INTO `crawls` VALUES(21, 0, '2013-10-26 17:20:43');
INSERT INTO `crawls` VALUES(22, 0, '2013-10-26 17:21:50');
INSERT INTO `crawls` VALUES(23, 0, '2013-10-26 17:22:06');
INSERT INTO `crawls` VALUES(24, 0, '2013-10-26 17:22:09');
INSERT INTO `crawls` VALUES(25, 0, '2013-10-26 17:22:21');
INSERT INTO `crawls` VALUES(26, 0, '2013-10-26 17:23:06');
INSERT INTO `crawls` VALUES(27, 0, '2013-10-26 17:27:00');
INSERT INTO `crawls` VALUES(28, 0, '2013-10-26 17:27:01');
INSERT INTO `crawls` VALUES(29, 0, '2013-10-26 17:28:29');
INSERT INTO `crawls` VALUES(30, 0, '2013-10-26 17:29:18');
INSERT INTO `crawls` VALUES(31, 0, '2013-10-26 17:34:13');
INSERT INTO `crawls` VALUES(32, 0, '2013-10-26 17:35:55');
INSERT INTO `crawls` VALUES(33, 0, '2013-10-26 17:36:19');
INSERT INTO `crawls` VALUES(34, 0, '2013-10-26 17:36:20');
INSERT INTO `crawls` VALUES(35, 0, '2013-10-26 17:36:21');
INSERT INTO `crawls` VALUES(36, 0, '2013-10-26 17:36:22');
INSERT INTO `crawls` VALUES(37, 0, '2013-10-26 17:42:56');
INSERT INTO `crawls` VALUES(38, 0, '2013-10-26 17:43:12');
INSERT INTO `crawls` VALUES(39, 0, '2013-10-26 17:43:14');
INSERT INTO `crawls` VALUES(40, 0, '2013-10-26 17:43:14');
INSERT INTO `crawls` VALUES(41, 0, '2013-10-26 17:43:15');
INSERT INTO `crawls` VALUES(42, 0, '2013-10-26 17:43:16');
INSERT INTO `crawls` VALUES(43, 0, '2013-10-26 17:43:24');
INSERT INTO `crawls` VALUES(44, 0, '2013-10-26 17:43:24');
INSERT INTO `crawls` VALUES(45, 0, '2013-10-26 17:43:25');
INSERT INTO `crawls` VALUES(46, 0, '2013-10-26 17:43:25');
INSERT INTO `crawls` VALUES(47, 0, '2013-10-26 17:43:25');
INSERT INTO `crawls` VALUES(48, 0, '2013-10-26 17:43:25');
INSERT INTO `crawls` VALUES(49, 0, '2013-10-26 17:43:25');
INSERT INTO `crawls` VALUES(50, 0, '2013-10-26 17:43:25');
INSERT INTO `crawls` VALUES(51, 0, '2013-10-26 17:43:26');
INSERT INTO `crawls` VALUES(52, 0, '2013-10-26 17:43:26');
INSERT INTO `crawls` VALUES(53, 0, '2013-10-26 17:43:26');
INSERT INTO `crawls` VALUES(54, 0, '2013-10-26 17:43:26');
INSERT INTO `crawls` VALUES(55, 0, '2013-10-26 17:43:26');
INSERT INTO `crawls` VALUES(56, 0, '2013-10-26 17:43:27');
INSERT INTO `crawls` VALUES(57, 0, '2013-10-26 17:43:27');
INSERT INTO `crawls` VALUES(58, 0, '2013-10-26 17:43:27');
INSERT INTO `crawls` VALUES(59, 0, '2013-10-26 17:43:27');
INSERT INTO `crawls` VALUES(60, 0, '2013-10-26 17:43:27');
INSERT INTO `crawls` VALUES(61, 0, '2013-10-26 17:43:28');
INSERT INTO `crawls` VALUES(62, 0, '2013-10-26 17:43:28');
INSERT INTO `crawls` VALUES(63, 0, '2013-10-26 17:43:28');
INSERT INTO `crawls` VALUES(64, 0, '2013-10-26 17:43:28');
INSERT INTO `crawls` VALUES(65, 0, '2013-10-26 17:43:28');
INSERT INTO `crawls` VALUES(66, 0, '2013-10-26 17:43:29');
INSERT INTO `crawls` VALUES(67, 0, '2013-10-26 17:43:29');
INSERT INTO `crawls` VALUES(68, 0, '2013-10-26 17:43:29');
INSERT INTO `crawls` VALUES(69, 0, '2013-10-26 17:43:29');
INSERT INTO `crawls` VALUES(70, 0, '2013-10-26 17:43:29');
INSERT INTO `crawls` VALUES(71, 0, '2013-10-26 17:43:30');
INSERT INTO `crawls` VALUES(72, 0, '2013-10-26 17:43:30');
INSERT INTO `crawls` VALUES(73, 0, '2013-10-26 17:43:30');
INSERT INTO `crawls` VALUES(74, 0, '2013-10-26 17:43:30');
INSERT INTO `crawls` VALUES(75, 0, '2013-10-26 17:43:30');
INSERT INTO `crawls` VALUES(76, 0, '2013-10-26 17:43:31');
INSERT INTO `crawls` VALUES(77, 0, '2013-10-26 17:43:31');
INSERT INTO `crawls` VALUES(78, 0, '2013-10-26 17:43:31');
INSERT INTO `crawls` VALUES(79, 0, '2013-10-26 17:43:31');
INSERT INTO `crawls` VALUES(80, 0, '2013-10-26 17:43:31');
INSERT INTO `crawls` VALUES(81, 0, '2013-10-26 17:43:32');
INSERT INTO `crawls` VALUES(82, 0, '2013-10-26 17:43:32');
INSERT INTO `crawls` VALUES(83, 0, '2013-10-26 17:43:32');
INSERT INTO `crawls` VALUES(84, 0, '2013-10-26 17:43:32');
INSERT INTO `crawls` VALUES(85, 0, '2013-10-26 17:43:32');
INSERT INTO `crawls` VALUES(86, 0, '2013-10-26 17:43:32');
INSERT INTO `crawls` VALUES(87, 0, '2013-10-26 17:43:33');
INSERT INTO `crawls` VALUES(88, 0, '2013-10-26 17:43:33');
INSERT INTO `crawls` VALUES(89, 0, '2013-10-26 17:43:33');
INSERT INTO `crawls` VALUES(90, 0, '2013-10-26 17:43:33');
INSERT INTO `crawls` VALUES(91, 0, '2013-10-26 17:43:33');
INSERT INTO `crawls` VALUES(92, 0, '2013-10-26 17:43:34');
INSERT INTO `crawls` VALUES(93, 0, '2013-10-26 17:43:34');
INSERT INTO `crawls` VALUES(94, 0, '2013-10-26 17:43:34');
INSERT INTO `crawls` VALUES(95, 0, '2013-10-26 17:43:34');
INSERT INTO `crawls` VALUES(96, 0, '2013-10-26 17:43:35');
INSERT INTO `crawls` VALUES(97, 0, '2013-10-26 17:43:35');
INSERT INTO `crawls` VALUES(98, 0, '2013-10-26 17:43:35');
INSERT INTO `crawls` VALUES(99, 0, '2013-10-26 17:43:35');
INSERT INTO `crawls` VALUES(100, 0, '2013-10-26 17:43:35');
INSERT INTO `crawls` VALUES(101, 0, '2013-10-26 17:43:36');
INSERT INTO `crawls` VALUES(102, 0, '2013-10-26 17:43:36');
INSERT INTO `crawls` VALUES(103, 0, '2013-10-26 17:43:36');
INSERT INTO `crawls` VALUES(104, 0, '2013-10-26 17:43:36');
INSERT INTO `crawls` VALUES(105, 0, '2013-10-26 17:43:36');
INSERT INTO `crawls` VALUES(106, 0, '2013-10-26 17:43:37');
INSERT INTO `crawls` VALUES(107, 0, '2013-10-26 17:43:37');
INSERT INTO `crawls` VALUES(108, 0, '2013-10-26 17:43:37');
INSERT INTO `crawls` VALUES(109, 0, '2013-10-26 17:43:37');
INSERT INTO `crawls` VALUES(110, 0, '2013-10-26 17:43:37');
INSERT INTO `crawls` VALUES(111, 0, '2013-10-26 17:43:38');
INSERT INTO `crawls` VALUES(112, 0, '2013-10-26 17:43:38');
INSERT INTO `crawls` VALUES(113, 0, '2013-10-26 17:43:38');
INSERT INTO `crawls` VALUES(114, 0, '2013-10-26 17:43:38');
INSERT INTO `crawls` VALUES(115, 0, '2013-10-26 17:43:38');
INSERT INTO `crawls` VALUES(116, 0, '2013-10-26 17:43:39');
INSERT INTO `crawls` VALUES(117, 0, '2013-10-26 17:43:39');
INSERT INTO `crawls` VALUES(118, 0, '2013-10-26 17:43:39');
INSERT INTO `crawls` VALUES(119, 0, '2013-10-26 17:43:39');
INSERT INTO `crawls` VALUES(120, 0, '2013-10-26 17:43:40');
INSERT INTO `crawls` VALUES(121, 0, '2013-10-26 17:43:40');
INSERT INTO `crawls` VALUES(122, 0, '2013-10-26 17:43:40');
INSERT INTO `crawls` VALUES(123, 0, '2013-10-26 17:43:40');
INSERT INTO `crawls` VALUES(124, 0, '2013-10-26 17:43:40');
INSERT INTO `crawls` VALUES(125, 0, '2013-10-26 17:43:41');
INSERT INTO `crawls` VALUES(126, 0, '2013-10-26 17:43:41');
INSERT INTO `crawls` VALUES(127, 0, '2013-10-26 17:43:41');
INSERT INTO `crawls` VALUES(128, 0, '2013-10-26 17:43:41');
INSERT INTO `crawls` VALUES(129, 0, '2013-10-26 17:43:41');
INSERT INTO `crawls` VALUES(130, 0, '2013-10-26 17:43:42');
INSERT INTO `crawls` VALUES(131, 0, '2013-10-26 17:43:42');
INSERT INTO `crawls` VALUES(132, 0, '2013-10-26 17:43:42');
INSERT INTO `crawls` VALUES(133, 0, '2013-10-26 17:43:42');
INSERT INTO `crawls` VALUES(134, 0, '2013-10-26 17:43:42');
INSERT INTO `crawls` VALUES(135, 0, '2013-10-26 17:43:43');
INSERT INTO `crawls` VALUES(136, 0, '2013-10-26 17:43:43');
INSERT INTO `crawls` VALUES(137, 0, '2013-10-26 17:43:43');
INSERT INTO `crawls` VALUES(138, 0, '2013-10-26 17:43:43');
INSERT INTO `crawls` VALUES(139, 0, '2013-10-26 17:43:43');
INSERT INTO `crawls` VALUES(140, 0, '2013-10-26 17:43:44');
INSERT INTO `crawls` VALUES(141, 0, '2013-10-26 17:43:44');
INSERT INTO `crawls` VALUES(142, 0, '2013-10-26 17:43:44');
INSERT INTO `crawls` VALUES(143, 0, '2013-10-26 17:43:44');
INSERT INTO `crawls` VALUES(144, 0, '2013-10-26 17:43:45');
INSERT INTO `crawls` VALUES(145, 0, '2013-10-26 17:43:45');
INSERT INTO `crawls` VALUES(146, 0, '2013-10-26 17:43:45');
INSERT INTO `crawls` VALUES(147, 0, '2013-10-26 17:43:45');
INSERT INTO `crawls` VALUES(148, 0, '2013-10-26 17:43:45');
INSERT INTO `crawls` VALUES(149, 0, '2013-10-26 17:43:46');
INSERT INTO `crawls` VALUES(150, 0, '2013-10-26 17:43:46');
INSERT INTO `crawls` VALUES(151, 0, '2013-10-26 17:43:46');
INSERT INTO `crawls` VALUES(152, 0, '2013-10-26 17:43:46');
INSERT INTO `crawls` VALUES(153, 0, '2013-10-26 17:43:46');
INSERT INTO `crawls` VALUES(154, 0, '2013-10-26 17:43:47');
INSERT INTO `crawls` VALUES(155, 0, '2013-10-26 17:43:47');
INSERT INTO `crawls` VALUES(156, 0, '2013-10-26 17:43:47');
INSERT INTO `crawls` VALUES(157, 0, '2013-10-26 17:43:47');
INSERT INTO `crawls` VALUES(158, 0, '2013-10-26 17:43:47');
INSERT INTO `crawls` VALUES(159, 0, '2013-10-26 17:43:48');
INSERT INTO `crawls` VALUES(160, 0, '2013-10-26 17:43:48');
INSERT INTO `crawls` VALUES(161, 0, '2013-10-26 17:43:48');
INSERT INTO `crawls` VALUES(162, 0, '2013-10-26 17:43:48');
INSERT INTO `crawls` VALUES(163, 0, '2013-10-26 17:43:48');
INSERT INTO `crawls` VALUES(164, 0, '2013-10-26 17:43:49');
INSERT INTO `crawls` VALUES(165, 0, '2013-10-26 17:43:49');
INSERT INTO `crawls` VALUES(166, 0, '2013-10-26 17:43:49');
INSERT INTO `crawls` VALUES(167, 0, '2013-10-26 17:43:49');
INSERT INTO `crawls` VALUES(168, 0, '2013-10-26 17:43:50');
INSERT INTO `crawls` VALUES(169, 0, '2013-10-26 17:43:50');
INSERT INTO `crawls` VALUES(170, 0, '2013-10-26 17:43:50');
INSERT INTO `crawls` VALUES(171, 0, '2013-10-26 17:43:50');
INSERT INTO `crawls` VALUES(172, 0, '2013-10-26 17:43:50');
INSERT INTO `crawls` VALUES(173, 0, '2013-10-26 17:43:51');
INSERT INTO `crawls` VALUES(174, 0, '2013-10-26 17:43:51');
INSERT INTO `crawls` VALUES(175, 0, '2013-10-26 17:43:51');
INSERT INTO `crawls` VALUES(176, 0, '2013-10-26 17:43:51');
INSERT INTO `crawls` VALUES(177, 0, '2013-10-26 17:43:51');
INSERT INTO `crawls` VALUES(178, 0, '2013-10-26 17:43:52');
INSERT INTO `crawls` VALUES(179, 0, '2013-10-26 17:43:52');
INSERT INTO `crawls` VALUES(180, 0, '2013-10-26 17:43:52');
INSERT INTO `crawls` VALUES(181, 0, '2013-10-26 17:43:52');
INSERT INTO `crawls` VALUES(182, 0, '2013-10-26 17:43:53');
INSERT INTO `crawls` VALUES(183, 0, '2013-10-26 17:43:53');
INSERT INTO `crawls` VALUES(184, 0, '2013-10-26 17:43:53');
INSERT INTO `crawls` VALUES(185, 0, '2013-10-26 17:43:53');
INSERT INTO `crawls` VALUES(186, 0, '2013-10-26 17:43:53');
INSERT INTO `crawls` VALUES(187, 0, '2013-10-26 17:43:54');
INSERT INTO `crawls` VALUES(188, 0, '2013-10-26 17:43:54');
INSERT INTO `crawls` VALUES(189, 0, '2013-10-26 17:43:54');
INSERT INTO `crawls` VALUES(190, 0, '2013-10-26 17:43:54');
INSERT INTO `crawls` VALUES(191, 0, '2013-10-26 17:43:55');
INSERT INTO `crawls` VALUES(192, 0, '2013-10-26 17:43:55');
INSERT INTO `crawls` VALUES(193, 0, '2013-10-26 17:43:55');
INSERT INTO `crawls` VALUES(194, 0, '2013-10-26 17:43:55');
INSERT INTO `crawls` VALUES(195, 0, '2013-10-26 17:43:55');
INSERT INTO `crawls` VALUES(196, 0, '2013-10-26 17:43:56');
INSERT INTO `crawls` VALUES(197, 0, '2013-10-26 17:43:56');
INSERT INTO `crawls` VALUES(198, 0, '2013-10-26 17:43:56');
INSERT INTO `crawls` VALUES(199, 0, '2013-10-26 17:43:56');
INSERT INTO `crawls` VALUES(200, 0, '2013-10-26 17:43:56');
INSERT INTO `crawls` VALUES(201, 0, '2013-10-26 17:43:57');
INSERT INTO `crawls` VALUES(202, 0, '2013-10-26 17:43:57');
INSERT INTO `crawls` VALUES(203, 0, '2013-10-26 17:43:57');
INSERT INTO `crawls` VALUES(204, 0, '2013-10-26 17:43:57');
INSERT INTO `crawls` VALUES(205, 0, '2013-10-26 17:43:58');
INSERT INTO `crawls` VALUES(206, 0, '2013-10-26 17:43:58');
INSERT INTO `crawls` VALUES(207, 0, '2013-10-26 17:43:58');
INSERT INTO `crawls` VALUES(208, 0, '2013-10-26 17:43:58');
INSERT INTO `crawls` VALUES(209, 0, '2013-10-26 17:43:58');
INSERT INTO `crawls` VALUES(210, 0, '2013-10-26 17:43:59');
INSERT INTO `crawls` VALUES(211, 0, '2013-10-26 17:43:59');
INSERT INTO `crawls` VALUES(212, 0, '2013-10-26 17:43:59');
INSERT INTO `crawls` VALUES(213, 0, '2013-10-26 17:43:59');
INSERT INTO `crawls` VALUES(214, 0, '2013-10-26 17:43:59');
INSERT INTO `crawls` VALUES(215, 0, '2013-10-26 17:44:00');
INSERT INTO `crawls` VALUES(216, 0, '2013-10-26 17:44:00');
INSERT INTO `crawls` VALUES(217, 0, '2013-10-26 17:44:00');
INSERT INTO `crawls` VALUES(218, 0, '2013-10-26 17:44:00');
INSERT INTO `crawls` VALUES(219, 0, '2013-10-26 17:44:00');
INSERT INTO `crawls` VALUES(220, 0, '2013-10-26 17:44:01');
INSERT INTO `crawls` VALUES(221, 0, '2013-10-26 17:44:01');
INSERT INTO `crawls` VALUES(222, 0, '2013-10-26 17:44:01');
INSERT INTO `crawls` VALUES(223, 0, '2013-10-26 17:44:01');
INSERT INTO `crawls` VALUES(224, 0, '2013-10-26 17:44:01');
INSERT INTO `crawls` VALUES(225, 0, '2013-10-26 17:44:02');
INSERT INTO `crawls` VALUES(226, 0, '2013-10-26 17:44:02');
INSERT INTO `crawls` VALUES(227, 0, '2013-10-26 17:44:02');
INSERT INTO `crawls` VALUES(228, 0, '2013-10-26 17:44:02');
INSERT INTO `crawls` VALUES(229, 0, '2013-10-26 17:44:02');
INSERT INTO `crawls` VALUES(230, 0, '2013-10-26 17:44:03');
INSERT INTO `crawls` VALUES(231, 0, '2013-10-26 17:44:03');
INSERT INTO `crawls` VALUES(232, 0, '2013-10-26 18:12:17');
INSERT INTO `crawls` VALUES(233, 0, '2013-10-26 18:12:33');
INSERT INTO `crawls` VALUES(234, 0, '2013-10-26 18:12:39');
INSERT INTO `crawls` VALUES(235, 0, '2013-10-26 18:32:41');
INSERT INTO `crawls` VALUES(236, 0, '2013-10-26 18:32:42');
INSERT INTO `crawls` VALUES(237, 0, '2013-10-26 18:33:58');
INSERT INTO `crawls` VALUES(238, 0, '2013-10-26 18:34:47');
INSERT INTO `crawls` VALUES(239, 0, '2013-10-26 18:58:16');
INSERT INTO `crawls` VALUES(240, 0, '2013-10-26 19:02:47');
INSERT INTO `crawls` VALUES(241, 0, '2013-10-26 19:18:49');
INSERT INTO `crawls` VALUES(242, 0, '2013-10-26 19:22:16');
INSERT INTO `crawls` VALUES(243, 0, '2013-10-26 19:23:20');
INSERT INTO `crawls` VALUES(244, 0, '2013-10-26 20:10:31');
INSERT INTO `crawls` VALUES(245, 0, '2013-10-26 20:12:13');
INSERT INTO `crawls` VALUES(246, 0, '2013-10-26 20:13:00');
INSERT INTO `crawls` VALUES(247, 0, '2013-10-26 20:17:12');
INSERT INTO `crawls` VALUES(248, 0, '2013-10-26 20:19:29');
INSERT INTO `crawls` VALUES(249, 0, '2013-10-26 20:20:33');
INSERT INTO `crawls` VALUES(250, 0, '2013-10-26 20:20:48');
INSERT INTO `crawls` VALUES(251, 0, '2013-10-26 20:21:28');
INSERT INTO `crawls` VALUES(252, 0, '2013-10-26 20:21:34');
INSERT INTO `crawls` VALUES(253, 0, '2013-10-26 20:28:34');
INSERT INTO `crawls` VALUES(254, 0, '2013-10-26 20:29:50');
INSERT INTO `crawls` VALUES(255, 0, '2013-10-26 20:33:30');
INSERT INTO `crawls` VALUES(256, 0, '2013-10-26 20:33:52');
INSERT INTO `crawls` VALUES(257, 0, '2013-10-26 20:37:48');
INSERT INTO `crawls` VALUES(258, 0, '2013-10-26 20:46:57');
INSERT INTO `crawls` VALUES(259, 0, '2013-10-26 20:47:56');
INSERT INTO `crawls` VALUES(260, 0, '2013-10-26 20:49:11');
INSERT INTO `crawls` VALUES(261, 0, '2013-10-26 20:49:13');
INSERT INTO `crawls` VALUES(262, 0, '2013-10-26 20:49:13');
INSERT INTO `crawls` VALUES(263, 0, '2013-10-26 20:49:13');
INSERT INTO `crawls` VALUES(264, 0, '2013-10-26 20:49:14');
INSERT INTO `crawls` VALUES(265, 0, '2013-10-26 20:49:14');
INSERT INTO `crawls` VALUES(266, 0, '2013-10-26 20:49:18');
INSERT INTO `crawls` VALUES(267, 0, '2013-10-26 20:49:18');
INSERT INTO `crawls` VALUES(268, 0, '2013-10-26 20:49:19');
INSERT INTO `crawls` VALUES(269, 0, '2013-10-26 20:49:20');
INSERT INTO `crawls` VALUES(270, 0, '2013-10-26 20:49:21');
INSERT INTO `crawls` VALUES(271, 0, '2013-10-26 20:49:21');
INSERT INTO `crawls` VALUES(272, 0, '2013-10-26 20:49:22');
INSERT INTO `crawls` VALUES(273, 0, '2013-10-26 20:49:22');
INSERT INTO `crawls` VALUES(274, 0, '2013-10-26 20:49:23');
INSERT INTO `crawls` VALUES(275, 0, '2013-10-26 20:49:23');
INSERT INTO `crawls` VALUES(276, 0, '2013-10-26 20:49:24');
INSERT INTO `crawls` VALUES(277, 0, '2013-10-26 20:49:25');
INSERT INTO `crawls` VALUES(278, 0, '2013-10-26 20:49:25');
INSERT INTO `crawls` VALUES(279, 0, '2013-10-26 20:49:26');
INSERT INTO `crawls` VALUES(280, 0, '2013-10-26 20:49:26');
INSERT INTO `crawls` VALUES(281, 0, '2013-10-26 20:49:27');
INSERT INTO `crawls` VALUES(282, 0, '2013-10-26 20:49:28');
INSERT INTO `crawls` VALUES(283, 0, '2013-10-26 20:49:29');
INSERT INTO `crawls` VALUES(284, 0, '2013-10-26 20:49:29');
INSERT INTO `crawls` VALUES(285, 0, '2013-10-26 20:49:30');
INSERT INTO `crawls` VALUES(286, 0, '2013-10-26 20:49:31');
INSERT INTO `crawls` VALUES(287, 0, '2013-10-26 20:49:31');
INSERT INTO `crawls` VALUES(288, 0, '2013-10-26 20:49:32');
INSERT INTO `crawls` VALUES(289, 0, '2013-10-26 20:49:32');
INSERT INTO `crawls` VALUES(290, 0, '2013-10-26 20:49:32');
INSERT INTO `crawls` VALUES(291, 0, '2013-10-26 20:49:32');
INSERT INTO `crawls` VALUES(292, 0, '2013-10-26 20:49:33');
INSERT INTO `crawls` VALUES(293, 0, '2013-10-26 20:49:33');
INSERT INTO `crawls` VALUES(294, 0, '2013-10-26 20:49:33');
INSERT INTO `crawls` VALUES(295, 0, '2013-10-26 20:49:33');
INSERT INTO `crawls` VALUES(296, 0, '2013-10-26 20:49:34');
INSERT INTO `crawls` VALUES(297, 0, '2013-10-26 20:49:34');
INSERT INTO `crawls` VALUES(298, 0, '2013-10-26 20:49:34');
INSERT INTO `crawls` VALUES(299, 0, '2013-10-26 20:49:34');
INSERT INTO `crawls` VALUES(300, 0, '2013-10-26 20:49:34');
INSERT INTO `crawls` VALUES(301, 0, '2013-10-26 20:49:45');
INSERT INTO `crawls` VALUES(302, 0, '2013-10-26 20:49:45');
INSERT INTO `crawls` VALUES(303, 0, '2013-10-26 20:49:45');
INSERT INTO `crawls` VALUES(304, 0, '2013-10-26 20:49:45');
INSERT INTO `crawls` VALUES(305, 0, '2013-10-26 20:49:45');
INSERT INTO `crawls` VALUES(306, 0, '2013-10-26 20:49:46');
INSERT INTO `crawls` VALUES(307, 0, '2013-10-26 20:49:46');
INSERT INTO `crawls` VALUES(308, 0, '2013-10-26 20:49:46');
INSERT INTO `crawls` VALUES(309, 0, '2013-10-26 20:49:46');
INSERT INTO `crawls` VALUES(310, 0, '2013-10-26 20:49:53');
INSERT INTO `crawls` VALUES(311, 0, '2013-10-26 20:52:03');
INSERT INTO `crawls` VALUES(312, 0, '2013-10-26 20:53:40');
INSERT INTO `crawls` VALUES(313, 0, '2013-10-26 20:54:20');
INSERT INTO `crawls` VALUES(314, 0, '2013-10-26 20:54:58');
INSERT INTO `crawls` VALUES(315, 0, '2013-10-26 20:55:27');
INSERT INTO `crawls` VALUES(316, 0, '2013-10-26 20:57:23');
INSERT INTO `crawls` VALUES(317, 0, '2013-10-26 20:57:56');
INSERT INTO `crawls` VALUES(318, 0, '2013-10-26 21:00:37');
INSERT INTO `crawls` VALUES(319, 0, '2013-10-26 21:03:30');
INSERT INTO `crawls` VALUES(320, 0, '2013-10-26 21:05:33');
INSERT INTO `crawls` VALUES(321, 0, '2013-10-26 21:06:05');
INSERT INTO `crawls` VALUES(322, 0, '2013-10-26 21:06:26');
INSERT INTO `crawls` VALUES(323, 0, '2013-10-26 21:12:15');
INSERT INTO `crawls` VALUES(324, 0, '2013-10-26 21:12:15');
INSERT INTO `crawls` VALUES(325, 0, '2013-10-26 21:13:00');
INSERT INTO `crawls` VALUES(326, 0, '2013-10-26 21:17:40');
INSERT INTO `crawls` VALUES(327, 0, '2013-10-26 21:28:43');
INSERT INTO `crawls` VALUES(328, 0, '2013-10-26 21:28:45');
INSERT INTO `crawls` VALUES(329, 0, '2013-10-26 21:34:27');
INSERT INTO `crawls` VALUES(330, 0, '2013-10-26 21:34:48');
INSERT INTO `crawls` VALUES(331, 0, '2013-10-26 21:34:53');
INSERT INTO `crawls` VALUES(332, 0, '2013-10-26 21:34:53');
INSERT INTO `crawls` VALUES(333, 0, '2013-10-26 21:34:54');
INSERT INTO `crawls` VALUES(334, 0, '2013-10-26 21:35:21');
INSERT INTO `crawls` VALUES(335, 0, '2013-10-26 21:36:35');
INSERT INTO `crawls` VALUES(336, 0, '2013-10-26 21:36:42');
INSERT INTO `crawls` VALUES(337, 0, '2013-10-26 21:36:44');
INSERT INTO `crawls` VALUES(338, 0, '2013-10-26 21:36:46');
INSERT INTO `crawls` VALUES(339, 0, '2013-10-26 21:36:47');
INSERT INTO `crawls` VALUES(340, 0, '2013-10-26 21:37:33');
INSERT INTO `crawls` VALUES(341, 0, '2013-10-26 21:37:34');
INSERT INTO `crawls` VALUES(342, 0, '2013-10-26 21:37:35');
INSERT INTO `crawls` VALUES(343, 0, '2013-10-26 21:37:36');
INSERT INTO `crawls` VALUES(344, 0, '2013-10-26 21:37:44');
INSERT INTO `crawls` VALUES(345, 0, '2013-10-26 21:37:45');
INSERT INTO `crawls` VALUES(346, 0, '2013-10-26 21:37:45');
INSERT INTO `crawls` VALUES(347, 0, '2013-10-26 21:37:46');
INSERT INTO `crawls` VALUES(348, 0, '2013-10-26 21:38:21');
INSERT INTO `crawls` VALUES(349, 0, '2013-10-26 21:38:24');
INSERT INTO `crawls` VALUES(350, 0, '2013-10-26 21:38:38');
INSERT INTO `crawls` VALUES(351, 0, '2013-10-26 21:38:48');
INSERT INTO `crawls` VALUES(352, 0, '2013-10-26 21:39:00');
INSERT INTO `crawls` VALUES(353, 0, '2013-10-26 21:39:13');
INSERT INTO `crawls` VALUES(354, 0, '2013-10-26 21:40:41');
INSERT INTO `crawls` VALUES(355, 0, '2013-10-26 21:43:04');
INSERT INTO `crawls` VALUES(356, 0, '2013-10-26 21:46:39');
INSERT INTO `crawls` VALUES(357, 0, '2013-10-26 21:49:06');
INSERT INTO `crawls` VALUES(358, 0, '2013-10-26 21:56:47');
INSERT INTO `crawls` VALUES(359, 0, '2013-10-26 22:01:40');
INSERT INTO `crawls` VALUES(360, 0, '2013-10-26 22:01:41');
INSERT INTO `crawls` VALUES(361, 0, '2013-10-26 22:01:42');
INSERT INTO `crawls` VALUES(362, 0, '2013-10-26 22:01:42');
INSERT INTO `crawls` VALUES(363, 0, '2013-10-26 22:01:42');
INSERT INTO `crawls` VALUES(364, 0, '2013-10-26 22:01:42');
INSERT INTO `crawls` VALUES(365, 0, '2013-10-26 22:03:10');
INSERT INTO `crawls` VALUES(366, 0, '2013-10-26 22:03:10');
INSERT INTO `crawls` VALUES(367, 0, '2013-10-26 22:03:11');
INSERT INTO `crawls` VALUES(368, 0, '2013-10-26 22:03:11');
INSERT INTO `crawls` VALUES(369, 0, '2013-10-26 22:03:11');
INSERT INTO `crawls` VALUES(370, 0, '2013-10-26 22:03:12');
INSERT INTO `crawls` VALUES(371, 0, '2013-10-26 22:03:12');
INSERT INTO `crawls` VALUES(372, 0, '2013-10-26 22:03:13');
INSERT INTO `crawls` VALUES(373, 0, '2013-10-26 22:03:13');
INSERT INTO `crawls` VALUES(374, 0, '2013-10-26 22:03:14');
INSERT INTO `crawls` VALUES(375, 0, '2013-10-26 22:03:14');
INSERT INTO `crawls` VALUES(376, 0, '2013-10-26 22:03:16');
INSERT INTO `crawls` VALUES(377, 0, '2013-10-26 22:03:16');
INSERT INTO `crawls` VALUES(378, 0, '2013-10-26 22:03:16');
INSERT INTO `crawls` VALUES(379, 0, '2013-10-26 22:03:17');
INSERT INTO `crawls` VALUES(380, 0, '2013-10-26 22:03:17');
INSERT INTO `crawls` VALUES(381, 0, '2013-10-26 22:03:17');
INSERT INTO `crawls` VALUES(382, 0, '2013-10-26 22:03:17');
INSERT INTO `crawls` VALUES(383, 0, '2013-10-26 22:03:18');
INSERT INTO `crawls` VALUES(384, 0, '2013-10-26 22:03:19');
INSERT INTO `crawls` VALUES(385, 0, '2013-10-26 22:03:20');
INSERT INTO `crawls` VALUES(386, 0, '2013-10-26 22:03:20');
INSERT INTO `crawls` VALUES(387, 0, '2013-10-26 22:03:21');
INSERT INTO `crawls` VALUES(388, 0, '2013-10-26 22:03:21');
INSERT INTO `crawls` VALUES(389, 0, '2013-10-26 22:03:21');
INSERT INTO `crawls` VALUES(390, 0, '2013-10-26 22:03:22');
INSERT INTO `crawls` VALUES(391, 0, '2013-10-26 22:03:22');
INSERT INTO `crawls` VALUES(392, 0, '2013-10-26 22:03:22');
INSERT INTO `crawls` VALUES(393, 0, '2013-10-26 22:03:23');
INSERT INTO `crawls` VALUES(394, 0, '2013-10-26 22:03:23');
INSERT INTO `crawls` VALUES(395, 0, '2013-10-26 22:03:23');
INSERT INTO `crawls` VALUES(396, 0, '2013-10-26 22:03:24');
INSERT INTO `crawls` VALUES(397, 0, '2013-10-26 22:03:24');
INSERT INTO `crawls` VALUES(398, 0, '2013-10-26 22:03:24');
INSERT INTO `crawls` VALUES(399, 0, '2013-10-26 22:04:01');
INSERT INTO `crawls` VALUES(400, 0, '2013-10-26 22:04:01');
INSERT INTO `crawls` VALUES(401, 0, '2013-10-26 22:04:03');
INSERT INTO `crawls` VALUES(402, 0, '2013-10-26 22:04:03');
INSERT INTO `crawls` VALUES(403, 0, '2013-10-26 22:04:21');
INSERT INTO `crawls` VALUES(404, 0, '2013-10-26 22:09:03');
INSERT INTO `crawls` VALUES(405, 0, '2013-10-26 22:10:59');
INSERT INTO `crawls` VALUES(406, 0, '2013-10-26 22:11:23');
INSERT INTO `crawls` VALUES(407, 0, '2013-10-26 22:11:37');
INSERT INTO `crawls` VALUES(408, 0, '2013-10-26 22:12:18');
INSERT INTO `crawls` VALUES(409, 0, '2013-10-26 22:12:19');
INSERT INTO `crawls` VALUES(410, 0, '2013-10-26 22:12:19');
INSERT INTO `crawls` VALUES(411, 0, '2013-10-26 22:12:28');
INSERT INTO `crawls` VALUES(412, 0, '2013-10-26 22:13:01');
INSERT INTO `crawls` VALUES(413, 0, '2013-10-26 22:13:12');
INSERT INTO `crawls` VALUES(414, 0, '2013-10-26 22:13:14');
INSERT INTO `crawls` VALUES(415, 0, '2013-10-26 22:13:14');
INSERT INTO `crawls` VALUES(416, 0, '2013-10-26 22:13:15');
INSERT INTO `crawls` VALUES(417, 0, '2013-10-26 22:13:16');
INSERT INTO `crawls` VALUES(418, 0, '2013-10-26 22:13:16');
INSERT INTO `crawls` VALUES(419, 0, '2013-10-26 22:13:16');
INSERT INTO `crawls` VALUES(420, 0, '2013-10-26 22:13:17');
INSERT INTO `crawls` VALUES(421, 0, '2013-10-26 22:13:17');
INSERT INTO `crawls` VALUES(422, 0, '2013-10-26 22:13:18');
INSERT INTO `crawls` VALUES(423, 0, '2013-10-26 22:13:18');
INSERT INTO `crawls` VALUES(424, 0, '2013-10-26 22:13:18');
INSERT INTO `crawls` VALUES(425, 0, '2013-10-26 22:13:19');
INSERT INTO `crawls` VALUES(426, 0, '2013-10-26 22:13:19');
INSERT INTO `crawls` VALUES(427, 0, '2013-10-26 22:13:19');
INSERT INTO `crawls` VALUES(428, 0, '2013-10-26 22:13:19');
INSERT INTO `crawls` VALUES(429, 0, '2013-10-26 22:13:46');
INSERT INTO `crawls` VALUES(430, 0, '2013-10-26 22:13:57');
INSERT INTO `crawls` VALUES(431, 0, '2013-10-26 22:14:00');
INSERT INTO `crawls` VALUES(432, 0, '2013-10-26 22:14:08');
INSERT INTO `crawls` VALUES(433, 0, '2013-10-26 22:14:09');
INSERT INTO `crawls` VALUES(434, 0, '2013-10-26 22:14:25');
INSERT INTO `crawls` VALUES(435, 0, '2013-10-26 22:14:25');
INSERT INTO `crawls` VALUES(436, 0, '2013-10-26 22:15:02');
INSERT INTO `crawls` VALUES(437, 0, '2013-10-26 22:15:04');
INSERT INTO `crawls` VALUES(438, 0, '2013-10-26 22:15:07');
INSERT INTO `crawls` VALUES(439, 0, '2013-10-26 22:15:07');
INSERT INTO `crawls` VALUES(440, 0, '2013-10-26 22:15:08');
INSERT INTO `crawls` VALUES(441, 0, '2013-10-26 22:15:09');
INSERT INTO `crawls` VALUES(442, 0, '2013-10-26 22:29:44');
INSERT INTO `crawls` VALUES(443, 0, '2013-10-26 22:32:01');
INSERT INTO `crawls` VALUES(444, 0, '2013-10-26 22:35:58');
INSERT INTO `crawls` VALUES(445, 0, '2013-10-26 22:57:56');
INSERT INTO `crawls` VALUES(446, 0, '2013-10-26 22:59:39');
INSERT INTO `crawls` VALUES(447, 0, '2013-10-26 23:01:14');
INSERT INTO `crawls` VALUES(448, 0, '2013-10-26 23:01:58');
INSERT INTO `crawls` VALUES(449, 0, '2013-10-26 23:06:26');
INSERT INTO `crawls` VALUES(450, 0, '2013-10-26 23:06:26');
INSERT INTO `crawls` VALUES(451, 0, '2013-10-27 00:39:27');
INSERT INTO `crawls` VALUES(452, 0, '2013-10-27 00:42:05');
INSERT INTO `crawls` VALUES(453, 0, '2013-10-27 00:42:45');
INSERT INTO `crawls` VALUES(454, 0, '2013-10-27 00:43:10');
INSERT INTO `crawls` VALUES(455, 0, '2013-10-27 00:46:42');
INSERT INTO `crawls` VALUES(456, 0, '2013-10-27 00:48:06');
INSERT INTO `crawls` VALUES(457, 0, '2013-10-27 00:48:24');
INSERT INTO `crawls` VALUES(458, 0, '2013-10-27 00:49:05');
INSERT INTO `crawls` VALUES(459, 0, '2013-10-27 00:49:42');
INSERT INTO `crawls` VALUES(460, 0, '2013-10-27 00:52:03');
INSERT INTO `crawls` VALUES(461, 0, '2013-10-27 00:52:47');
INSERT INTO `crawls` VALUES(462, 0, '2013-10-27 00:52:48');
INSERT INTO `crawls` VALUES(463, 0, '2013-10-27 00:53:56');
INSERT INTO `crawls` VALUES(464, 0, '2013-10-27 00:55:24');
INSERT INTO `crawls` VALUES(465, 0, '2013-10-27 00:55:42');
INSERT INTO `crawls` VALUES(466, 0, '2013-10-27 01:08:42');
INSERT INTO `crawls` VALUES(467, 0, '2013-10-27 01:11:52');
INSERT INTO `crawls` VALUES(468, 0, '2013-10-27 01:12:24');
INSERT INTO `crawls` VALUES(469, 0, '2013-10-27 01:14:35');
INSERT INTO `crawls` VALUES(470, 0, '2013-10-27 01:15:37');
INSERT INTO `crawls` VALUES(471, 0, '2013-10-27 01:15:50');
INSERT INTO `crawls` VALUES(472, 0, '2013-10-27 01:17:44');
INSERT INTO `crawls` VALUES(473, 0, '2013-10-27 01:18:11');
INSERT INTO `crawls` VALUES(474, 0, '2013-10-27 01:20:41');
INSERT INTO `crawls` VALUES(475, 0, '2013-10-27 01:21:56');
INSERT INTO `crawls` VALUES(476, 0, '2013-10-27 01:22:50');
INSERT INTO `crawls` VALUES(477, 0, '2013-10-27 01:23:25');
INSERT INTO `crawls` VALUES(478, 0, '2013-10-27 01:23:43');
INSERT INTO `crawls` VALUES(479, 0, '2013-10-27 01:25:53');
INSERT INTO `crawls` VALUES(480, 0, '2013-10-27 01:27:16');
INSERT INTO `crawls` VALUES(481, 0, '2013-10-27 01:28:15');
INSERT INTO `crawls` VALUES(482, 0, '2013-10-27 01:28:43');
INSERT INTO `crawls` VALUES(483, 0, '2013-10-27 01:29:35');
INSERT INTO `crawls` VALUES(484, 0, '2013-10-27 01:35:17');
INSERT INTO `crawls` VALUES(485, 0, '2013-10-27 01:36:42');
INSERT INTO `crawls` VALUES(486, 0, '2013-10-27 01:37:04');
INSERT INTO `crawls` VALUES(487, 0, '2013-10-27 01:37:06');
INSERT INTO `crawls` VALUES(488, 0, '2013-10-27 01:37:07');
INSERT INTO `crawls` VALUES(489, 0, '2013-10-27 01:37:08');
INSERT INTO `crawls` VALUES(490, 0, '2013-10-27 01:37:34');
INSERT INTO `crawls` VALUES(491, 0, '2013-10-27 01:37:34');
INSERT INTO `crawls` VALUES(492, 0, '2013-10-27 01:37:35');
INSERT INTO `crawls` VALUES(493, 0, '2013-10-27 01:37:35');
INSERT INTO `crawls` VALUES(494, 0, '2013-10-27 01:37:37');
INSERT INTO `crawls` VALUES(495, 0, '2013-10-27 01:37:38');
INSERT INTO `crawls` VALUES(496, 0, '2013-10-27 01:37:39');
INSERT INTO `crawls` VALUES(497, 0, '2013-10-27 01:37:54');
INSERT INTO `crawls` VALUES(498, 0, '2013-10-27 01:37:55');
INSERT INTO `crawls` VALUES(499, 0, '2013-10-27 01:37:56');
INSERT INTO `crawls` VALUES(500, 0, '2013-10-27 01:37:57');
INSERT INTO `crawls` VALUES(501, 0, '2013-10-27 01:37:58');
INSERT INTO `crawls` VALUES(502, 0, '2013-10-27 01:37:58');
INSERT INTO `crawls` VALUES(503, 0, '2013-10-27 01:37:59');
INSERT INTO `crawls` VALUES(504, 0, '2013-10-27 01:37:59');
INSERT INTO `crawls` VALUES(505, 0, '2013-10-27 01:38:00');
INSERT INTO `crawls` VALUES(506, 0, '2013-10-27 01:38:00');
INSERT INTO `crawls` VALUES(507, 0, '2013-10-27 01:38:01');
INSERT INTO `crawls` VALUES(508, 0, '2013-10-27 01:38:01');
INSERT INTO `crawls` VALUES(509, 0, '2013-10-27 01:38:02');
INSERT INTO `crawls` VALUES(510, 0, '2013-10-27 01:38:03');
INSERT INTO `crawls` VALUES(511, 0, '2013-10-27 01:38:03');
INSERT INTO `crawls` VALUES(512, 0, '2013-10-27 01:38:04');
INSERT INTO `crawls` VALUES(513, 0, '2013-10-27 01:38:04');
INSERT INTO `crawls` VALUES(514, 0, '2013-10-27 01:38:04');
INSERT INTO `crawls` VALUES(515, 0, '2013-10-27 01:38:04');
INSERT INTO `crawls` VALUES(516, 0, '2013-10-27 01:38:05');
INSERT INTO `crawls` VALUES(517, 0, '2013-10-27 01:38:05');
INSERT INTO `crawls` VALUES(518, 0, '2013-10-27 01:38:05');
INSERT INTO `crawls` VALUES(519, 0, '2013-10-27 01:38:06');
INSERT INTO `crawls` VALUES(520, 0, '2013-10-27 01:38:06');
INSERT INTO `crawls` VALUES(521, 0, '2013-10-27 01:38:06');
INSERT INTO `crawls` VALUES(522, 0, '2013-10-27 01:38:07');
INSERT INTO `crawls` VALUES(523, 0, '2013-10-27 01:38:07');
INSERT INTO `crawls` VALUES(524, 0, '2013-10-27 01:38:07');
INSERT INTO `crawls` VALUES(525, 0, '2013-10-27 01:38:07');
INSERT INTO `crawls` VALUES(526, 0, '2013-10-27 01:38:08');
INSERT INTO `crawls` VALUES(527, 0, '2013-10-27 01:38:08');
INSERT INTO `crawls` VALUES(528, 0, '2013-10-27 01:38:09');
INSERT INTO `crawls` VALUES(529, 0, '2013-10-27 01:38:09');
INSERT INTO `crawls` VALUES(530, 0, '2013-10-27 01:41:46');
INSERT INTO `crawls` VALUES(531, 0, '2013-10-27 01:42:20');
INSERT INTO `crawls` VALUES(532, 0, '2013-10-27 01:43:05');
INSERT INTO `crawls` VALUES(533, 0, '2013-10-27 01:44:33');
INSERT INTO `crawls` VALUES(534, 0, '2013-10-27 01:46:39');
INSERT INTO `crawls` VALUES(535, 0, '2013-10-27 01:48:11');
INSERT INTO `crawls` VALUES(536, 0, '2013-10-27 01:51:52');
INSERT INTO `crawls` VALUES(537, 0, '2013-10-27 01:52:01');
INSERT INTO `crawls` VALUES(538, 0, '2013-10-27 01:53:16');
INSERT INTO `crawls` VALUES(539, 0, '2013-10-27 01:55:16');
INSERT INTO `crawls` VALUES(540, 0, '2013-10-27 01:55:40');
INSERT INTO `crawls` VALUES(541, 0, '2013-10-27 01:56:33');
INSERT INTO `crawls` VALUES(542, 0, '2013-10-27 01:57:04');
INSERT INTO `crawls` VALUES(543, 0, '2013-10-27 01:57:13');
INSERT INTO `crawls` VALUES(544, 0, '2013-10-27 01:57:19');
INSERT INTO `crawls` VALUES(545, 0, '2013-10-27 01:57:27');
INSERT INTO `crawls` VALUES(546, 0, '2013-10-27 01:57:53');
INSERT INTO `crawls` VALUES(547, 0, '2013-10-27 01:57:55');
INSERT INTO `crawls` VALUES(548, 0, '2013-10-27 01:58:27');
INSERT INTO `crawls` VALUES(549, 0, '2013-10-27 01:59:08');
INSERT INTO `crawls` VALUES(550, 0, '2013-10-27 02:00:04');
INSERT INTO `crawls` VALUES(551, 0, '2013-10-27 02:00:19');
INSERT INTO `crawls` VALUES(552, 0, '2013-10-27 02:01:54');
INSERT INTO `crawls` VALUES(553, 0, '2013-10-27 02:02:17');
INSERT INTO `crawls` VALUES(554, 0, '2013-10-27 02:02:25');
INSERT INTO `crawls` VALUES(555, 0, '2013-10-27 02:02:44');
INSERT INTO `crawls` VALUES(556, 0, '2013-10-27 02:03:05');
INSERT INTO `crawls` VALUES(557, 0, '2013-10-27 02:03:19');
INSERT INTO `crawls` VALUES(558, 0, '2013-10-27 02:04:10');
INSERT INTO `crawls` VALUES(559, 0, '2013-10-27 02:04:33');
INSERT INTO `crawls` VALUES(560, 0, '2013-10-27 02:04:40');
INSERT INTO `crawls` VALUES(561, 0, '2013-10-27 02:05:57');
INSERT INTO `crawls` VALUES(562, 0, '2013-10-27 02:06:20');
INSERT INTO `crawls` VALUES(563, 0, '2013-10-27 02:06:46');
INSERT INTO `crawls` VALUES(564, 0, '2013-10-27 02:07:03');
INSERT INTO `crawls` VALUES(565, 0, '2013-10-27 02:07:22');
INSERT INTO `crawls` VALUES(566, 0, '2013-10-27 02:08:11');
INSERT INTO `crawls` VALUES(567, 0, '2013-10-27 02:08:16');
INSERT INTO `crawls` VALUES(568, 0, '2013-10-27 02:08:30');
INSERT INTO `crawls` VALUES(569, 0, '2013-10-27 02:09:07');
INSERT INTO `crawls` VALUES(570, 0, '2013-10-27 02:09:15');
INSERT INTO `crawls` VALUES(571, 0, '2013-10-27 02:09:16');
INSERT INTO `crawls` VALUES(572, 0, '2013-10-27 02:09:16');
INSERT INTO `crawls` VALUES(573, 0, '2013-10-27 02:09:16');
INSERT INTO `crawls` VALUES(574, 0, '2013-10-27 02:09:25');
INSERT INTO `crawls` VALUES(575, 0, '2013-10-27 02:09:28');
INSERT INTO `crawls` VALUES(576, 0, '2013-10-27 02:09:28');
INSERT INTO `crawls` VALUES(577, 0, '2013-10-27 02:09:59');
INSERT INTO `crawls` VALUES(578, 0, '2013-10-27 02:10:02');
INSERT INTO `crawls` VALUES(579, 0, '2013-10-27 02:10:16');
INSERT INTO `crawls` VALUES(580, 0, '2013-10-27 02:11:01');
INSERT INTO `crawls` VALUES(581, 0, '2013-10-27 02:11:09');
INSERT INTO `crawls` VALUES(582, 0, '2013-10-27 02:11:16');
INSERT INTO `crawls` VALUES(583, 0, '2013-10-27 02:11:30');
INSERT INTO `crawls` VALUES(584, 0, '2013-10-27 02:12:34');
INSERT INTO `crawls` VALUES(585, 0, '2013-10-27 02:14:28');
INSERT INTO `crawls` VALUES(586, 0, '2013-10-27 02:15:04');
INSERT INTO `crawls` VALUES(587, 0, '2013-10-27 02:15:20');
INSERT INTO `crawls` VALUES(588, 0, '2013-10-27 02:22:01');
INSERT INTO `crawls` VALUES(589, 0, '2013-10-27 02:22:54');
INSERT INTO `crawls` VALUES(590, 0, '2013-10-27 02:24:07');
INSERT INTO `crawls` VALUES(591, 0, '2013-10-27 02:29:52');
INSERT INTO `crawls` VALUES(592, 0, '2013-10-27 02:30:45');
INSERT INTO `crawls` VALUES(593, 0, '2013-10-27 02:34:06');
INSERT INTO `crawls` VALUES(594, 0, '2013-10-27 02:34:23');
INSERT INTO `crawls` VALUES(595, 0, '2013-10-27 02:34:47');
INSERT INTO `crawls` VALUES(596, 0, '2013-10-27 02:43:08');
INSERT INTO `crawls` VALUES(597, 0, '2013-10-27 02:44:45');
INSERT INTO `crawls` VALUES(598, 0, '2013-10-27 02:45:07');
INSERT INTO `crawls` VALUES(599, 0, '2013-10-27 02:45:08');
INSERT INTO `crawls` VALUES(600, 0, '2013-10-27 02:45:09');
INSERT INTO `crawls` VALUES(601, 0, '2013-10-27 02:45:09');
INSERT INTO `crawls` VALUES(602, 0, '2013-10-27 02:45:10');
INSERT INTO `crawls` VALUES(603, 0, '2013-10-27 02:45:25');
INSERT INTO `crawls` VALUES(604, 0, '2013-10-27 02:45:30');
INSERT INTO `crawls` VALUES(605, 0, '2013-10-27 02:45:32');
INSERT INTO `crawls` VALUES(606, 0, '2013-10-27 02:45:33');
INSERT INTO `crawls` VALUES(607, 0, '2013-10-27 02:45:33');
INSERT INTO `crawls` VALUES(608, 0, '2013-10-27 02:45:49');
INSERT INTO `crawls` VALUES(609, 0, '2013-10-27 02:46:19');
INSERT INTO `crawls` VALUES(610, 0, '2013-10-27 02:46:35');
INSERT INTO `crawls` VALUES(611, 0, '2013-10-27 02:47:15');
INSERT INTO `crawls` VALUES(612, 0, '2013-10-27 02:47:25');
INSERT INTO `crawls` VALUES(613, 0, '2013-10-27 02:47:31');
INSERT INTO `crawls` VALUES(614, 0, '2013-10-27 02:47:52');
INSERT INTO `crawls` VALUES(615, 0, '2013-10-27 02:48:23');
INSERT INTO `crawls` VALUES(616, 0, '2013-10-27 02:48:37');
INSERT INTO `crawls` VALUES(617, 0, '2013-10-27 02:49:14');
INSERT INTO `crawls` VALUES(618, 0, '2013-10-27 02:50:44');
INSERT INTO `crawls` VALUES(619, 0, '2013-10-27 02:51:02');
INSERT INTO `crawls` VALUES(620, 0, '2013-10-27 02:51:13');
INSERT INTO `crawls` VALUES(621, 0, '2013-10-27 02:52:40');
INSERT INTO `crawls` VALUES(622, 0, '2013-10-27 02:54:23');
INSERT INTO `crawls` VALUES(623, 0, '2013-10-27 02:54:40');
INSERT INTO `crawls` VALUES(624, 0, '2013-10-27 02:56:22');
INSERT INTO `crawls` VALUES(625, 0, '2013-10-27 02:56:23');
INSERT INTO `crawls` VALUES(626, 0, '2013-10-27 02:59:32');
INSERT INTO `crawls` VALUES(627, 0, '2013-10-27 03:02:59');
INSERT INTO `crawls` VALUES(628, 0, '2013-10-27 03:03:00');
INSERT INTO `crawls` VALUES(629, 0, '2013-10-27 03:03:53');
INSERT INTO `crawls` VALUES(630, 0, '2013-10-27 03:05:38');
INSERT INTO `crawls` VALUES(631, 0, '2013-10-27 03:05:40');
INSERT INTO `crawls` VALUES(632, 0, '2013-10-27 03:06:36');
INSERT INTO `crawls` VALUES(633, 0, '2013-10-27 03:09:23');
INSERT INTO `crawls` VALUES(634, 0, '2013-10-27 03:14:10');
INSERT INTO `crawls` VALUES(635, 0, '2013-10-27 03:14:37');
INSERT INTO `crawls` VALUES(636, 0, '2013-10-27 03:14:42');
INSERT INTO `crawls` VALUES(637, 0, '2013-10-27 03:14:55');
INSERT INTO `crawls` VALUES(638, 0, '2013-10-27 03:15:38');
INSERT INTO `crawls` VALUES(639, 0, '2013-10-27 03:16:23');
INSERT INTO `crawls` VALUES(640, 0, '2013-10-27 03:19:28');
INSERT INTO `crawls` VALUES(641, 0, '2013-10-27 03:20:08');
INSERT INTO `crawls` VALUES(642, 0, '2013-10-27 03:21:57');
INSERT INTO `crawls` VALUES(643, 0, '2013-10-27 03:22:04');
INSERT INTO `crawls` VALUES(644, 0, '2013-10-27 03:22:11');
INSERT INTO `crawls` VALUES(645, 0, '2013-10-27 03:22:56');
INSERT INTO `crawls` VALUES(646, 0, '2013-10-27 03:23:13');
INSERT INTO `crawls` VALUES(647, 0, '2013-10-27 03:23:48');
INSERT INTO `crawls` VALUES(648, 0, '2013-10-27 03:23:55');
INSERT INTO `crawls` VALUES(649, 0, '2013-10-27 03:24:30');
INSERT INTO `crawls` VALUES(650, 0, '2013-10-27 03:24:40');
INSERT INTO `crawls` VALUES(651, 0, '2013-10-27 03:24:43');
INSERT INTO `crawls` VALUES(652, 0, '2013-10-27 03:25:37');
INSERT INTO `crawls` VALUES(653, 0, '2013-10-27 03:25:54');
INSERT INTO `crawls` VALUES(654, 0, '2013-10-27 03:26:24');
INSERT INTO `crawls` VALUES(655, 0, '2013-10-27 03:27:00');
INSERT INTO `crawls` VALUES(656, 0, '2013-10-27 03:27:09');
INSERT INTO `crawls` VALUES(657, 0, '2013-10-27 03:28:43');
INSERT INTO `crawls` VALUES(658, 0, '2013-10-27 03:28:52');
INSERT INTO `crawls` VALUES(659, 0, '2013-10-27 03:29:34');
INSERT INTO `crawls` VALUES(660, 0, '2013-10-27 03:30:06');
INSERT INTO `crawls` VALUES(661, 0, '2013-10-27 03:31:12');
INSERT INTO `crawls` VALUES(662, 0, '2013-10-27 03:31:35');
INSERT INTO `crawls` VALUES(663, 0, '2013-10-27 03:36:58');
INSERT INTO `crawls` VALUES(664, 0, '2013-10-27 03:45:07');
INSERT INTO `crawls` VALUES(665, 0, '2013-10-27 03:47:51');
INSERT INTO `crawls` VALUES(666, 0, '2013-10-27 03:48:49');
INSERT INTO `crawls` VALUES(667, 0, '2013-10-27 03:53:26');
INSERT INTO `crawls` VALUES(668, 0, '2013-10-27 03:53:38');
INSERT INTO `crawls` VALUES(669, 0, '2013-10-27 03:54:59');
INSERT INTO `crawls` VALUES(670, 0, '2013-10-27 03:55:04');
INSERT INTO `crawls` VALUES(671, 0, '2013-10-27 04:09:35');
INSERT INTO `crawls` VALUES(672, 0, '2013-10-27 04:09:49');
INSERT INTO `crawls` VALUES(673, 0, '2013-10-27 04:12:52');
INSERT INTO `crawls` VALUES(674, 0, '2013-10-27 04:13:09');
INSERT INTO `crawls` VALUES(675, 0, '2013-10-27 04:13:12');
INSERT INTO `crawls` VALUES(676, 0, '2013-10-27 04:13:13');
INSERT INTO `crawls` VALUES(677, 0, '2013-10-27 04:13:13');
INSERT INTO `crawls` VALUES(678, 0, '2013-10-27 04:13:13');
INSERT INTO `crawls` VALUES(679, 0, '2013-10-27 04:13:13');
INSERT INTO `crawls` VALUES(680, 0, '2013-10-27 04:15:09');
INSERT INTO `crawls` VALUES(681, 0, '2013-10-27 04:20:03');
INSERT INTO `crawls` VALUES(682, 0, '2013-10-27 04:21:01');
INSERT INTO `crawls` VALUES(683, 0, '2013-10-27 04:21:13');
INSERT INTO `crawls` VALUES(684, 0, '2013-10-27 04:23:38');
INSERT INTO `crawls` VALUES(685, 0, '2013-10-27 04:23:42');
INSERT INTO `crawls` VALUES(686, 0, '2013-10-27 04:27:02');
INSERT INTO `crawls` VALUES(687, 0, '2013-10-27 04:27:03');
INSERT INTO `crawls` VALUES(688, 0, '2013-10-27 04:36:47');
INSERT INTO `crawls` VALUES(689, 0, '2013-10-27 05:05:44');
INSERT INTO `crawls` VALUES(690, 0, '2013-10-27 05:05:45');
INSERT INTO `crawls` VALUES(691, 0, '2013-10-27 05:05:46');
INSERT INTO `crawls` VALUES(692, 0, '2013-10-27 05:05:47');
INSERT INTO `crawls` VALUES(693, 0, '2013-10-27 05:07:45');
INSERT INTO `crawls` VALUES(694, 0, '2013-10-27 05:08:02');
INSERT INTO `crawls` VALUES(695, 0, '2013-10-27 05:08:04');

-- --------------------------------------------------------

--
-- Table structure for table `offers`
--

CREATE TABLE `offers` (
  `pub_id` int(11) NOT NULL,
  `offer_name` varchar(255) NOT NULL,
  `offer_info` text NOT NULL,
  `offer_start_date` timestamp NOT NULL default CURRENT_TIMESTAMP,
  `offer_end_date` timestamp NOT NULL default '0000-00-00 00:00:00'
) ENGINE=InnoDB DEFAULT CHARSET=utf8;

--
-- Dumping data for table `offers`
--

INSERT INTO `offers` VALUES(1, '0', 'Buy one get one free!', '2013-10-26 18:56:24', '0000-00-00 00:00:00');

-- --------------------------------------------------------

--
-- Table structure for table `pubs`
--

CREATE TABLE `pubs` (
  `pub_id` int(11) NOT NULL auto_increment,
  `pub_zone_id` int(11) NOT NULL,
  `pub_name` varchar(255) character set utf8 collate utf8_bin NOT NULL,
  `pub_location_latitude` double NOT NULL,
  `pub_location_longitude` double NOT NULL,
  PRIMARY KEY  (`pub_id`)
) ENGINE=InnoDB  DEFAULT CHARSET=utf8 AUTO_INCREMENT=28 ;

--
-- Dumping data for table `pubs`
--

INSERT INTO `pubs` VALUES(1, 1, 'The Angel', 51.515516, -0.127791);
INSERT INTO `pubs` VALUES(2, 1, 'Bear & Staff', 51.510792, -0.128612);
INSERT INTO `pubs` VALUES(3, 1, 'Bloomsbury Tavern', 51.516867, -0.125844);
INSERT INTO `pubs` VALUES(4, 1, 'Cambridge', 51.513527, -0.129508);
INSERT INTO `pubs` VALUES(5, 1, 'Chandos', 51.50957, -0.126815);
INSERT INTO `pubs` VALUES(6, 1, 'Coach & Horses', 51.512549, -0.120914);
INSERT INTO `pubs` VALUES(7, 2, 'Cock & Woolpack', 51.513642, -0.085863);
INSERT INTO `pubs` VALUES(8, 2, 'The Cross Keys', 51.512747, -0.084729);
INSERT INTO `pubs` VALUES(9, 2, 'Elephant', 51.511959, -0.081027);
INSERT INTO `pubs` VALUES(10, 2, 'The Peacock', 51.511921, -0.075303);
INSERT INTO `pubs` VALUES(11, 2, 'Hennessy''s', 51.513223, -0.07661);
INSERT INTO `pubs` VALUES(12, 3, 'Castle', 51.516715, -0.110338);
INSERT INTO `pubs` VALUES(13, 3, 'Harrow', 51.512844, -0.106782);
INSERT INTO `pubs` VALUES(14, 3, 'The Hoop & Grapes', 51.515433, -0.104824);
INSERT INTO `pubs` VALUES(15, 3, 'Punch Tavern', 51.514066, -0.104861);
INSERT INTO `pubs` VALUES(16, 3, 'Vintry', 51.51157, -0.088532);
INSERT INTO `pubs` VALUES(17, 4, 'Dirty Dicks', 51.517998, -0.079638);
INSERT INTO `pubs` VALUES(18, 4, 'The Globe', 51.517566, -0.088827);
INSERT INTO `pubs` VALUES(19, 4, 'The Master Gunner', 51.521658, -0.08721);
INSERT INTO `pubs` VALUES(20, 4, 'Red Lion', 51.518789, -0.085997);
INSERT INTO `pubs` VALUES(22, 4, 'The White Hart', 51.516865, -0.081416);
INSERT INTO `pubs` VALUES(23, 5, 'The Apple Tree', 51.523479, -0.112074);
INSERT INTO `pubs` VALUES(24, 5, 'The Lamp', 51.52304, -0.119053);
INSERT INTO `pubs` VALUES(25, 5, 'Old Nick', 51.519058, -0.116282);
INSERT INTO `pubs` VALUES(26, 5, 'Rugby Tavern', 51.52198, -0.117398);
INSERT INTO `pubs` VALUES(27, 5, 'College Arms', 51.519786, -0.131828);

-- --------------------------------------------------------

--
-- Table structure for table `pub_attributes`
--

CREATE TABLE `pub_attributes` (
  `pub_attr_id` int(11) NOT NULL,
  `pub_attr_title` varchar(255) NOT NULL
) ENGINE=MyISAM DEFAULT CHARSET=utf8;

--
-- Dumping data for table `pub_attributes`
--

INSERT INTO `pub_attributes` VALUES(1, 'Address');

-- --------------------------------------------------------

--
-- Table structure for table `pub_attributes_list`
--

CREATE TABLE `pub_attributes_list` (
  `pub_id` int(11) NOT NULL,
  `pub_attr_id` int(11) NOT NULL,
  `pub_attr_value` varchar(255) NOT NULL
) ENGINE=MyISAM DEFAULT CHARSET=utf8;

--
-- Dumping data for table `pub_attributes_list`
--

INSERT INTO `pub_attributes_list` VALUES(1, 1, 'WC2 123');
INSERT INTO `pub_attributes_list` VALUES(1, 1, '61-62 St Giles High Street, Holborn');
INSERT INTO `pub_attributes_list` VALUES(2, 1, '10-12 Bear Street, Leicester Square');
INSERT INTO `pub_attributes_list` VALUES(3, 1, '236 Shaftesbury Avenue, Holborn');
INSERT INTO `pub_attributes_list` VALUES(4, 1, '93 Charing Cross Road, Soho');
INSERT INTO `pub_attributes_list` VALUES(5, 1, '29 St Martins Lane, Trafalgar Square.');
INSERT INTO `pub_attributes_list` VALUES(6, 1, '42 Wellington Street, Covent Garden');
INSERT INTO `pub_attributes_list` VALUES(7, 1, '6 Finch Lane, City');
INSERT INTO `pub_attributes_list` VALUES(8, 1, '9 Gracechurch Street, City');
INSERT INTO `pub_attributes_list` VALUES(9, 1, '119 Fenchurch Street, City');
INSERT INTO `pub_attributes_list` VALUES(10, 1, '41 Minories, Aldgate');
INSERT INTO `pub_attributes_list` VALUES(11, 1, '36 Jewry Street');
INSERT INTO `pub_attributes_list` VALUES(12, 1, '26 Furnival Street, Fleet Street');
INSERT INTO `pub_attributes_list` VALUES(13, 1, '22 Whitefriars Street, Blackfriars');
INSERT INTO `pub_attributes_list` VALUES(14, 1, '80 Farringdon Street, Farringdon');
INSERT INTO `pub_attributes_list` VALUES(15, 1, '99 Fleet Street');
INSERT INTO `pub_attributes_list` VALUES(16, 1, 'Abchurch Yard, Abchurch Lane, Bank');
INSERT INTO `pub_attributes_list` VALUES(17, 1, '202 Bishopsgate, Finsbury');
INSERT INTO `pub_attributes_list` VALUES(18, 1, '83-85 Moorgate, Moorgate');
INSERT INTO `pub_attributes_list` VALUES(19, 1, ' 12a Finsbury Square, Finsbury');
INSERT INTO `pub_attributes_list` VALUES(20, 1, '1 Eldon Street, Moorgate');
INSERT INTO `pub_attributes_list` VALUES(22, 1, '119-121 Bishopsgate, Bishopsgate');
INSERT INTO `pub_attributes_list` VALUES(23, 1, '45 Mount Pleasant, Mount Pleasant');
INSERT INTO `pub_attributes_list` VALUES(24, 1, '92-94 Lambs Conduit Street, Bloomsbury');
INSERT INTO `pub_attributes_list` VALUES(25, 1, '20-22 Sandland Street, Holborn');
INSERT INTO `pub_attributes_list` VALUES(26, 1, '19 Great James Street, Bloomsbury');
INSERT INTO `pub_attributes_list` VALUES(27, 1, '18 Store Street');

-- --------------------------------------------------------

--
-- Table structure for table `ratings`
--

CREATE TABLE `ratings` (
  `rating_value` tinyint(4) NOT NULL,
  `rating_reference` int(11) NOT NULL
) ENGINE=MyISAM DEFAULT CHARSET=utf8;

--
-- Dumping data for table `ratings`
--

INSERT INTO `ratings` VALUES(1, 1);
INSERT INTO `ratings` VALUES(1, 5);
INSERT INTO `ratings` VALUES(1, 19);
INSERT INTO `ratings` VALUES(1, 19);
INSERT INTO `ratings` VALUES(5, 5);
INSERT INTO `ratings` VALUES(5, 5);
INSERT INTO `ratings` VALUES(5, 19);
INSERT INTO `ratings` VALUES(5, 19);

-- --------------------------------------------------------

--
-- Table structure for table `spots`
--

CREATE TABLE `spots` (
  `crawl_id` int(11) NOT NULL,
  `spot_order` mediumint(9) NOT NULL,
  `spot_type` smallint(6) NOT NULL,
  `spot_reference` int(11) NOT NULL
) ENGINE=InnoDB DEFAULT CHARSET=utf8;

--
-- Dumping data for table `spots`
--

INSERT INTO `spots` VALUES(18, 1, 1, 1);
INSERT INTO `spots` VALUES(18, 1, 1, 2);
INSERT INTO `spots` VALUES(18, 1, 1, 4);
INSERT INTO `spots` VALUES(18, 1, 1, 3);
INSERT INTO `spots` VALUES(18, 1, 1, 6);
INSERT INTO `spots` VALUES(19, 1, 1, 14);
INSERT INTO `spots` VALUES(19, 2, 1, 23);
INSERT INTO `spots` VALUES(19, 3, 1, 25);
INSERT INTO `spots` VALUES(19, 4, 1, 6);
INSERT INTO `spots` VALUES(19, 5, 1, 1);
INSERT INTO `spots` VALUES(20, 1, 1, 9);
INSERT INTO `spots` VALUES(20, 2, 1, 16);
INSERT INTO `spots` VALUES(20, 3, 1, 7);
INSERT INTO `spots` VALUES(20, 4, 1, 17);
INSERT INTO `spots` VALUES(20, 5, 1, 11);
INSERT INTO `spots` VALUES(21, 1, 1, 23);
INSERT INTO `spots` VALUES(21, 2, 1, 14);
INSERT INTO `spots` VALUES(21, 3, 1, 12);
INSERT INTO `spots` VALUES(21, 4, 1, 24);
INSERT INTO `spots` VALUES(21, 5, 1, 1);
INSERT INTO `spots` VALUES(22, 1, 1, 12);
INSERT INTO `spots` VALUES(23, 1, 1, 13);
INSERT INTO `spots` VALUES(24, 1, 1, 26);
INSERT INTO `spots` VALUES(25, 1, 1, 24);
INSERT INTO `spots` VALUES(25, 2, 1, 25);
INSERT INTO `spots` VALUES(25, 3, 1, 3);
INSERT INTO `spots` VALUES(25, 4, 1, 1);
INSERT INTO `spots` VALUES(25, 5, 1, 6);
INSERT INTO `spots` VALUES(26, 1, 1, 6);
INSERT INTO `spots` VALUES(26, 2, 1, 1);
INSERT INTO `spots` VALUES(26, 3, 1, 2);
INSERT INTO `spots` VALUES(26, 4, 1, 5);
INSERT INTO `spots` VALUES(26, 5, 1, 3);
INSERT INTO `spots` VALUES(27, 1, 1, 24);
INSERT INTO `spots` VALUES(27, 2, 1, 3);
INSERT INTO `spots` VALUES(27, 3, 1, 6);
INSERT INTO `spots` VALUES(27, 4, 1, 2);
INSERT INTO `spots` VALUES(27, 5, 1, 27);
INSERT INTO `spots` VALUES(28, 1, 1, 3);
INSERT INTO `spots` VALUES(28, 2, 1, 5);
INSERT INTO `spots` VALUES(28, 3, 1, 4);
INSERT INTO `spots` VALUES(28, 4, 1, 6);
INSERT INTO `spots` VALUES(28, 5, 1, 2);
INSERT INTO `spots` VALUES(29, 1, 1, 10);
INSERT INTO `spots` VALUES(29, 2, 1, 9);
INSERT INTO `spots` VALUES(29, 3, 1, 17);
INSERT INTO `spots` VALUES(29, 4, 1, 18);
INSERT INTO `spots` VALUES(29, 5, 1, 16);
INSERT INTO `spots` VALUES(30, 1, 1, 4);
INSERT INTO `spots` VALUES(30, 2, 1, 2);
INSERT INTO `spots` VALUES(30, 3, 1, 27);
INSERT INTO `spots` VALUES(30, 4, 1, 1);
INSERT INTO `spots` VALUES(30, 5, 1, 24);
INSERT INTO `spots` VALUES(31, 1, 1, 3);
INSERT INTO `spots` VALUES(31, 2, 1, 4);
INSERT INTO `spots` VALUES(31, 3, 1, 1);
INSERT INTO `spots` VALUES(31, 4, 1, 24);
INSERT INTO `spots` VALUES(31, 5, 1, 26);
INSERT INTO `spots` VALUES(32, 1, 1, 6);
INSERT INTO `spots` VALUES(32, 2, 1, 3);
INSERT INTO `spots` VALUES(32, 3, 1, 1);
INSERT INTO `spots` VALUES(32, 4, 1, 5);
INSERT INTO `spots` VALUES(32, 5, 1, 2);
INSERT INTO `spots` VALUES(33, 1, 1, 1);
INSERT INTO `spots` VALUES(33, 2, 1, 2);
INSERT INTO `spots` VALUES(33, 3, 1, 3);
INSERT INTO `spots` VALUES(33, 4, 1, 24);
INSERT INTO `spots` VALUES(33, 5, 1, 26);
INSERT INTO `spots` VALUES(34, 1, 1, 9);
INSERT INTO `spots` VALUES(34, 2, 1, 11);
INSERT INTO `spots` VALUES(34, 3, 1, 7);
INSERT INTO `spots` VALUES(34, 4, 1, 18);
INSERT INTO `spots` VALUES(34, 5, 1, 16);
INSERT INTO `spots` VALUES(35, 1, 1, 25);
INSERT INTO `spots` VALUES(35, 2, 1, 13);
INSERT INTO `spots` VALUES(35, 3, 1, 12);
INSERT INTO `spots` VALUES(35, 4, 1, 26);
INSERT INTO `spots` VALUES(35, 5, 1, 23);
INSERT INTO `spots` VALUES(36, 1, 1, 5);
INSERT INTO `spots` VALUES(36, 2, 1, 2);
INSERT INTO `spots` VALUES(36, 3, 1, 6);
INSERT INTO `spots` VALUES(36, 4, 1, 26);
INSERT INTO `spots` VALUES(36, 5, 1, 3);
INSERT INTO `spots` VALUES(37, 1, 1, 4);
INSERT INTO `spots` VALUES(37, 2, 1, 5);
INSERT INTO `spots` VALUES(37, 3, 1, 3);
INSERT INTO `spots` VALUES(37, 4, 1, 2);
INSERT INTO `spots` VALUES(37, 5, 1, 6);
INSERT INTO `spots` VALUES(38, 1, 1, 1);
INSERT INTO `spots` VALUES(38, 2, 1, 3);
INSERT INTO `spots` VALUES(38, 3, 1, 5);
INSERT INTO `spots` VALUES(38, 4, 1, 2);
INSERT INTO `spots` VALUES(38, 5, 1, 27);
INSERT INTO `spots` VALUES(39, 1, 1, 2);
INSERT INTO `spots` VALUES(39, 2, 1, 3);
INSERT INTO `spots` VALUES(39, 3, 1, 1);
INSERT INTO `spots` VALUES(39, 4, 1, 4);
INSERT INTO `spots` VALUES(39, 5, 1, 5);
INSERT INTO `spots` VALUES(40, 1, 1, 5);
INSERT INTO `spots` VALUES(40, 2, 1, 1);
INSERT INTO `spots` VALUES(40, 3, 1, 2);
INSERT INTO `spots` VALUES(40, 4, 1, 3);
INSERT INTO `spots` VALUES(40, 5, 1, 6);
INSERT INTO `spots` VALUES(41, 1, 1, 3);
INSERT INTO `spots` VALUES(41, 2, 1, 4);
INSERT INTO `spots` VALUES(41, 3, 1, 6);
INSERT INTO `spots` VALUES(41, 4, 1, 26);
INSERT INTO `spots` VALUES(41, 5, 1, 12);
INSERT INTO `spots` VALUES(42, 1, 1, 7);
INSERT INTO `spots` VALUES(42, 2, 1, 9);
INSERT INTO `spots` VALUES(42, 3, 1, 11);
INSERT INTO `spots` VALUES(42, 4, 1, 17);
INSERT INTO `spots` VALUES(42, 5, 1, 8);
INSERT INTO `spots` VALUES(43, 1, 1, 9);
INSERT INTO `spots` VALUES(43, 2, 1, 11);
INSERT INTO `spots` VALUES(43, 3, 1, 17);
INSERT INTO `spots` VALUES(43, 4, 1, 7);
INSERT INTO `spots` VALUES(43, 5, 1, 19);
INSERT INTO `spots` VALUES(44, 1, 1, 2);
INSERT INTO `spots` VALUES(44, 2, 1, 4);
INSERT INTO `spots` VALUES(44, 3, 1, 5);
INSERT INTO `spots` VALUES(44, 4, 1, 1);
INSERT INTO `spots` VALUES(44, 5, 1, 3);
INSERT INTO `spots` VALUES(45, 1, 1, 4);
INSERT INTO `spots` VALUES(45, 2, 1, 3);
INSERT INTO `spots` VALUES(45, 3, 1, 2);
INSERT INTO `spots` VALUES(45, 4, 1, 6);
INSERT INTO `spots` VALUES(45, 5, 1, 25);
INSERT INTO `spots` VALUES(46, 1, 1, 7);
INSERT INTO `spots` VALUES(46, 2, 1, 8);
INSERT INTO `spots` VALUES(46, 3, 1, 17);
INSERT INTO `spots` VALUES(46, 4, 1, 18);
INSERT INTO `spots` VALUES(46, 5, 1, 9);
INSERT INTO `spots` VALUES(47, 1, 1, 4);
INSERT INTO `spots` VALUES(47, 2, 1, 6);
INSERT INTO `spots` VALUES(47, 3, 1, 5);
INSERT INTO `spots` VALUES(47, 4, 1, 1);
INSERT INTO `spots` VALUES(47, 5, 1, 2);
INSERT INTO `spots` VALUES(48, 1, 1, 2);
INSERT INTO `spots` VALUES(48, 2, 1, 4);
INSERT INTO `spots` VALUES(48, 3, 1, 27);
INSERT INTO `spots` VALUES(48, 4, 1, 3);
INSERT INTO `spots` VALUES(48, 5, 1, 25);
INSERT INTO `spots` VALUES(49, 1, 1, 13);
INSERT INTO `spots` VALUES(49, 2, 1, 15);
INSERT INTO `spots` VALUES(49, 3, 1, 14);
INSERT INTO `spots` VALUES(49, 4, 1, 23);
INSERT INTO `spots` VALUES(49, 5, 1, 26);
INSERT INTO `spots` VALUES(50, 1, 1, 9);
INSERT INTO `spots` VALUES(50, 2, 1, 7);
INSERT INTO `spots` VALUES(50, 3, 1, 11);
INSERT INTO `spots` VALUES(50, 4, 1, 20);
INSERT INTO `spots` VALUES(50, 5, 1, 19);
INSERT INTO `spots` VALUES(51, 1, 1, 11);
INSERT INTO `spots` VALUES(51, 2, 1, 9);
INSERT INTO `spots` VALUES(51, 3, 1, 17);
INSERT INTO `spots` VALUES(51, 4, 1, 18);
INSERT INTO `spots` VALUES(51, 5, 1, 20);
INSERT INTO `spots` VALUES(52, 1, 1, 14);
INSERT INTO `spots` VALUES(52, 2, 1, 15);
INSERT INTO `spots` VALUES(52, 3, 1, 13);
INSERT INTO `spots` VALUES(52, 4, 1, 25);
INSERT INTO `spots` VALUES(52, 5, 1, 3);
INSERT INTO `spots` VALUES(53, 1, 1, 3);
INSERT INTO `spots` VALUES(53, 2, 1, 5);
INSERT INTO `spots` VALUES(53, 3, 1, 4);
INSERT INTO `spots` VALUES(53, 4, 1, 6);
INSERT INTO `spots` VALUES(53, 5, 1, 25);
INSERT INTO `spots` VALUES(54, 1, 1, 2);
INSERT INTO `spots` VALUES(54, 2, 1, 5);
INSERT INTO `spots` VALUES(54, 3, 1, 1);
INSERT INTO `spots` VALUES(54, 4, 1, 27);
INSERT INTO `spots` VALUES(54, 5, 1, 3);
INSERT INTO `spots` VALUES(55, 1, 1, 8);
INSERT INTO `spots` VALUES(55, 2, 1, 7);
INSERT INTO `spots` VALUES(55, 3, 1, 17);
INSERT INTO `spots` VALUES(55, 4, 1, 9);
INSERT INTO `spots` VALUES(55, 5, 1, 10);
INSERT INTO `spots` VALUES(56, 1, 1, 12);
INSERT INTO `spots` VALUES(56, 2, 1, 14);
INSERT INTO `spots` VALUES(56, 3, 1, 15);
INSERT INTO `spots` VALUES(56, 4, 1, 13);
INSERT INTO `spots` VALUES(56, 5, 1, 25);
INSERT INTO `spots` VALUES(57, 1, 1, 4);
INSERT INTO `spots` VALUES(57, 2, 1, 2);
INSERT INTO `spots` VALUES(57, 3, 1, 5);
INSERT INTO `spots` VALUES(57, 4, 1, 3);
INSERT INTO `spots` VALUES(57, 5, 1, 6);
INSERT INTO `spots` VALUES(58, 1, 1, 5);
INSERT INTO `spots` VALUES(58, 2, 1, 2);
INSERT INTO `spots` VALUES(58, 3, 1, 4);
INSERT INTO `spots` VALUES(58, 4, 1, 27);
INSERT INTO `spots` VALUES(58, 5, 1, 3);
INSERT INTO `spots` VALUES(59, 1, 1, 8);
INSERT INTO `spots` VALUES(59, 2, 1, 10);
INSERT INTO `spots` VALUES(59, 3, 1, 17);
INSERT INTO `spots` VALUES(59, 4, 1, 18);
INSERT INTO `spots` VALUES(59, 5, 1, 7);
INSERT INTO `spots` VALUES(60, 1, 1, 11);
INSERT INTO `spots` VALUES(60, 2, 1, 17);
INSERT INTO `spots` VALUES(60, 3, 1, 16);
INSERT INTO `spots` VALUES(60, 4, 1, 20);
INSERT INTO `spots` VALUES(60, 5, 1, 9);
INSERT INTO `spots` VALUES(61, 1, 1, 7);
INSERT INTO `spots` VALUES(61, 2, 1, 8);
INSERT INTO `spots` VALUES(61, 3, 1, 16);
INSERT INTO `spots` VALUES(61, 4, 1, 18);
INSERT INTO `spots` VALUES(61, 5, 1, 17);
INSERT INTO `spots` VALUES(62, 1, 1, 12);
INSERT INTO `spots` VALUES(62, 2, 1, 13);
INSERT INTO `spots` VALUES(62, 3, 1, 25);
INSERT INTO `spots` VALUES(62, 4, 1, 6);
INSERT INTO `spots` VALUES(62, 5, 1, 2);
INSERT INTO `spots` VALUES(63, 1, 1, 15);
INSERT INTO `spots` VALUES(63, 2, 1, 14);
INSERT INTO `spots` VALUES(63, 3, 1, 23);
INSERT INTO `spots` VALUES(63, 4, 1, 25);
INSERT INTO `spots` VALUES(63, 5, 1, 3);
INSERT INTO `spots` VALUES(64, 1, 1, 9);
INSERT INTO `spots` VALUES(64, 2, 1, 7);
INSERT INTO `spots` VALUES(64, 3, 1, 17);
INSERT INTO `spots` VALUES(64, 4, 1, 18);
INSERT INTO `spots` VALUES(64, 5, 1, 22);
INSERT INTO `spots` VALUES(65, 1, 1, 3);
INSERT INTO `spots` VALUES(65, 2, 1, 2);
INSERT INTO `spots` VALUES(65, 3, 1, 5);
INSERT INTO `spots` VALUES(65, 4, 1, 6);
INSERT INTO `spots` VALUES(65, 5, 1, 26);
INSERT INTO `spots` VALUES(66, 1, 1, 1);
INSERT INTO `spots` VALUES(66, 2, 1, 3);
INSERT INTO `spots` VALUES(66, 3, 1, 5);
INSERT INTO `spots` VALUES(66, 4, 1, 2);
INSERT INTO `spots` VALUES(66, 5, 1, 6);
INSERT INTO `spots` VALUES(67, 1, 1, 8);
INSERT INTO `spots` VALUES(67, 2, 1, 11);
INSERT INTO `spots` VALUES(67, 3, 1, 10);
INSERT INTO `spots` VALUES(67, 4, 1, 17);
INSERT INTO `spots` VALUES(67, 5, 1, 18);
INSERT INTO `spots` VALUES(68, 1, 1, 12);
INSERT INTO `spots` VALUES(68, 2, 1, 24);
INSERT INTO `spots` VALUES(68, 3, 1, 23);
INSERT INTO `spots` VALUES(68, 4, 1, 14);
INSERT INTO `spots` VALUES(68, 5, 1, 15);
INSERT INTO `spots` VALUES(69, 1, 1, 2);
INSERT INTO `spots` VALUES(69, 2, 1, 5);
INSERT INTO `spots` VALUES(69, 3, 1, 3);
INSERT INTO `spots` VALUES(69, 4, 1, 6);
INSERT INTO `spots` VALUES(69, 5, 1, 25);
INSERT INTO `spots` VALUES(70, 1, 1, 11);
INSERT INTO `spots` VALUES(70, 2, 1, 8);
INSERT INTO `spots` VALUES(70, 3, 1, 7);
INSERT INTO `spots` VALUES(70, 4, 1, 18);
INSERT INTO `spots` VALUES(70, 5, 1, 19);
INSERT INTO `spots` VALUES(71, 1, 1, 12);
INSERT INTO `spots` VALUES(71, 2, 1, 15);
INSERT INTO `spots` VALUES(71, 3, 1, 14);
INSERT INTO `spots` VALUES(71, 4, 1, 13);
INSERT INTO `spots` VALUES(71, 5, 1, 25);
INSERT INTO `spots` VALUES(72, 1, 1, 9);
INSERT INTO `spots` VALUES(72, 2, 1, 8);
INSERT INTO `spots` VALUES(72, 3, 1, 7);
INSERT INTO `spots` VALUES(72, 4, 1, 11);
INSERT INTO `spots` VALUES(72, 5, 1, 22);
INSERT INTO `spots` VALUES(73, 1, 1, 24);
INSERT INTO `spots` VALUES(73, 2, 1, 1);
INSERT INTO `spots` VALUES(73, 3, 1, 3);
INSERT INTO `spots` VALUES(73, 4, 1, 5);
INSERT INTO `spots` VALUES(73, 5, 1, 4);
INSERT INTO `spots` VALUES(74, 1, 1, 13);
INSERT INTO `spots` VALUES(74, 2, 1, 12);
INSERT INTO `spots` VALUES(74, 3, 1, 15);
INSERT INTO `spots` VALUES(74, 4, 1, 14);
INSERT INTO `spots` VALUES(74, 5, 1, 23);
INSERT INTO `spots` VALUES(75, 1, 1, 8);
INSERT INTO `spots` VALUES(75, 2, 1, 10);
INSERT INTO `spots` VALUES(75, 3, 1, 22);
INSERT INTO `spots` VALUES(75, 4, 1, 11);
INSERT INTO `spots` VALUES(75, 5, 1, 7);
INSERT INTO `spots` VALUES(76, 1, 1, 24);
INSERT INTO `spots` VALUES(76, 2, 1, 25);
INSERT INTO `spots` VALUES(76, 3, 1, 23);
INSERT INTO `spots` VALUES(76, 4, 1, 14);
INSERT INTO `spots` VALUES(76, 5, 1, 13);
INSERT INTO `spots` VALUES(77, 1, 1, 23);
INSERT INTO `spots` VALUES(77, 2, 1, 25);
INSERT INTO `spots` VALUES(77, 3, 1, 6);
INSERT INTO `spots` VALUES(77, 4, 1, 1);
INSERT INTO `spots` VALUES(77, 5, 1, 5);
INSERT INTO `spots` VALUES(78, 1, 1, 14);
INSERT INTO `spots` VALUES(78, 2, 1, 13);
INSERT INTO `spots` VALUES(78, 3, 1, 25);
INSERT INTO `spots` VALUES(78, 4, 1, 3);
INSERT INTO `spots` VALUES(78, 5, 1, 6);
INSERT INTO `spots` VALUES(79, 1, 1, 12);
INSERT INTO `spots` VALUES(79, 2, 1, 15);
INSERT INTO `spots` VALUES(79, 3, 1, 13);
INSERT INTO `spots` VALUES(79, 4, 1, 25);
INSERT INTO `spots` VALUES(79, 5, 1, 26);
INSERT INTO `spots` VALUES(80, 1, 1, 10);
INSERT INTO `spots` VALUES(80, 2, 1, 17);
INSERT INTO `spots` VALUES(80, 3, 1, 11);
INSERT INTO `spots` VALUES(80, 4, 1, 8);
INSERT INTO `spots` VALUES(80, 5, 1, 18);
INSERT INTO `spots` VALUES(81, 1, 1, 9);
INSERT INTO `spots` VALUES(81, 2, 1, 11);
INSERT INTO `spots` VALUES(81, 3, 1, 8);
INSERT INTO `spots` VALUES(81, 4, 1, 10);
INSERT INTO `spots` VALUES(81, 5, 1, 17);
INSERT INTO `spots` VALUES(82, 1, 1, 17);
INSERT INTO `spots` VALUES(82, 2, 1, 11);
INSERT INTO `spots` VALUES(82, 3, 1, 20);
INSERT INTO `spots` VALUES(82, 4, 1, 7);
INSERT INTO `spots` VALUES(82, 5, 1, 16);
INSERT INTO `spots` VALUES(83, 1, 1, 15);
INSERT INTO `spots` VALUES(83, 2, 1, 12);
INSERT INTO `spots` VALUES(83, 3, 1, 24);
INSERT INTO `spots` VALUES(83, 4, 1, 3);
INSERT INTO `spots` VALUES(83, 5, 1, 5);
INSERT INTO `spots` VALUES(84, 1, 1, 8);
INSERT INTO `spots` VALUES(84, 2, 1, 11);
INSERT INTO `spots` VALUES(84, 3, 1, 9);
INSERT INTO `spots` VALUES(84, 4, 1, 7);
INSERT INTO `spots` VALUES(84, 5, 1, 16);
INSERT INTO `spots` VALUES(85, 1, 1, 14);
INSERT INTO `spots` VALUES(85, 2, 1, 23);
INSERT INTO `spots` VALUES(85, 3, 1, 26);
INSERT INTO `spots` VALUES(85, 4, 1, 3);
INSERT INTO `spots` VALUES(85, 5, 1, 5);
INSERT INTO `spots` VALUES(86, 1, 1, 5);
INSERT INTO `spots` VALUES(86, 2, 1, 1);
INSERT INTO `spots` VALUES(86, 3, 1, 2);
INSERT INTO `spots` VALUES(86, 4, 1, 6);
INSERT INTO `spots` VALUES(86, 5, 1, 4);
INSERT INTO `spots` VALUES(87, 1, 1, 10);
INSERT INTO `spots` VALUES(87, 2, 1, 8);
INSERT INTO `spots` VALUES(87, 3, 1, 11);
INSERT INTO `spots` VALUES(87, 4, 1, 20);
INSERT INTO `spots` VALUES(87, 5, 1, 9);
INSERT INTO `spots` VALUES(88, 1, 1, 10);
INSERT INTO `spots` VALUES(88, 2, 1, 9);
INSERT INTO `spots` VALUES(88, 3, 1, 16);
INSERT INTO `spots` VALUES(88, 4, 1, 18);
INSERT INTO `spots` VALUES(88, 5, 1, 7);
INSERT INTO `spots` VALUES(89, 1, 1, 3);
INSERT INTO `spots` VALUES(89, 2, 1, 6);
INSERT INTO `spots` VALUES(89, 3, 1, 5);
INSERT INTO `spots` VALUES(89, 4, 1, 1);
INSERT INTO `spots` VALUES(89, 5, 1, 27);
INSERT INTO `spots` VALUES(90, 1, 1, 12);
INSERT INTO `spots` VALUES(90, 2, 1, 14);
INSERT INTO `spots` VALUES(90, 3, 1, 13);
INSERT INTO `spots` VALUES(90, 4, 1, 25);
INSERT INTO `spots` VALUES(90, 5, 1, 3);
INSERT INTO `spots` VALUES(91, 1, 1, 9);
INSERT INTO `spots` VALUES(91, 2, 1, 8);
INSERT INTO `spots` VALUES(91, 3, 1, 10);
INSERT INTO `spots` VALUES(91, 4, 1, 11);
INSERT INTO `spots` VALUES(91, 5, 1, 20);
INSERT INTO `spots` VALUES(92, 1, 1, 2);
INSERT INTO `spots` VALUES(92, 2, 1, 3);
INSERT INTO `spots` VALUES(92, 3, 1, 24);
INSERT INTO `spots` VALUES(92, 4, 1, 12);
INSERT INTO `spots` VALUES(92, 5, 1, 14);
INSERT INTO `spots` VALUES(93, 1, 1, 9);
INSERT INTO `spots` VALUES(93, 2, 1, 16);
INSERT INTO `spots` VALUES(93, 3, 1, 20);
INSERT INTO `spots` VALUES(93, 4, 1, 11);
INSERT INTO `spots` VALUES(93, 5, 1, 8);
INSERT INTO `spots` VALUES(94, 1, 1, 27);
INSERT INTO `spots` VALUES(94, 2, 1, 2);
INSERT INTO `spots` VALUES(94, 3, 1, 5);
INSERT INTO `spots` VALUES(94, 4, 1, 4);
INSERT INTO `spots` VALUES(94, 5, 1, 6);
INSERT INTO `spots` VALUES(95, 1, 1, 7);
INSERT INTO `spots` VALUES(95, 2, 1, 16);
INSERT INTO `spots` VALUES(95, 3, 1, 18);
INSERT INTO `spots` VALUES(95, 4, 1, 17);
INSERT INTO `spots` VALUES(95, 5, 1, 11);
INSERT INTO `spots` VALUES(96, 1, 1, 11);
INSERT INTO `spots` VALUES(96, 2, 1, 17);
INSERT INTO `spots` VALUES(96, 3, 1, 7);
INSERT INTO `spots` VALUES(96, 4, 1, 9);
INSERT INTO `spots` VALUES(96, 5, 1, 16);
INSERT INTO `spots` VALUES(97, 1, 1, 17);
INSERT INTO `spots` VALUES(97, 2, 1, 7);
INSERT INTO `spots` VALUES(97, 3, 1, 16);
INSERT INTO `spots` VALUES(97, 4, 1, 20);
INSERT INTO `spots` VALUES(97, 5, 1, 19);
INSERT INTO `spots` VALUES(98, 1, 1, 11);
INSERT INTO `spots` VALUES(98, 2, 1, 10);
INSERT INTO `spots` VALUES(98, 3, 1, 22);
INSERT INTO `spots` VALUES(98, 4, 1, 7);
INSERT INTO `spots` VALUES(98, 5, 1, 8);
INSERT INTO `spots` VALUES(99, 1, 1, 3);
INSERT INTO `spots` VALUES(99, 2, 1, 5);
INSERT INTO `spots` VALUES(99, 3, 1, 2);
INSERT INTO `spots` VALUES(99, 4, 1, 1);
INSERT INTO `spots` VALUES(99, 5, 1, 4);
INSERT INTO `spots` VALUES(100, 1, 1, 4);
INSERT INTO `spots` VALUES(100, 2, 1, 6);
INSERT INTO `spots` VALUES(100, 3, 1, 2);
INSERT INTO `spots` VALUES(100, 4, 1, 3);
INSERT INTO `spots` VALUES(100, 5, 1, 26);
INSERT INTO `spots` VALUES(101, 1, 1, 12);
INSERT INTO `spots` VALUES(101, 2, 1, 14);
INSERT INTO `spots` VALUES(101, 3, 1, 13);
INSERT INTO `spots` VALUES(101, 4, 1, 15);
INSERT INTO `spots` VALUES(101, 5, 1, 23);
INSERT INTO `spots` VALUES(102, 1, 1, 9);
INSERT INTO `spots` VALUES(102, 2, 1, 11);
INSERT INTO `spots` VALUES(102, 3, 1, 8);
INSERT INTO `spots` VALUES(102, 4, 1, 10);
INSERT INTO `spots` VALUES(102, 5, 1, 22);
INSERT INTO `spots` VALUES(103, 1, 1, 12);
INSERT INTO `spots` VALUES(103, 2, 1, 14);
INSERT INTO `spots` VALUES(103, 3, 1, 23);
INSERT INTO `spots` VALUES(103, 4, 1, 25);
INSERT INTO `spots` VALUES(103, 5, 1, 3);
INSERT INTO `spots` VALUES(104, 1, 1, 14);
INSERT INTO `spots` VALUES(104, 2, 1, 12);
INSERT INTO `spots` VALUES(104, 3, 1, 23);
INSERT INTO `spots` VALUES(104, 4, 1, 26);
INSERT INTO `spots` VALUES(104, 5, 1, 24);
INSERT INTO `spots` VALUES(105, 1, 1, 8);
INSERT INTO `spots` VALUES(105, 2, 1, 9);
INSERT INTO `spots` VALUES(105, 3, 1, 11);
INSERT INTO `spots` VALUES(105, 4, 1, 17);
INSERT INTO `spots` VALUES(105, 5, 1, 19);
INSERT INTO `spots` VALUES(106, 1, 1, 1);
INSERT INTO `spots` VALUES(106, 2, 1, 5);
INSERT INTO `spots` VALUES(106, 3, 1, 4);
INSERT INTO `spots` VALUES(106, 4, 1, 6);
INSERT INTO `spots` VALUES(106, 5, 1, 26);
INSERT INTO `spots` VALUES(107, 1, 1, 12);
INSERT INTO `spots` VALUES(107, 2, 1, 24);
INSERT INTO `spots` VALUES(107, 3, 1, 23);
INSERT INTO `spots` VALUES(107, 4, 1, 25);
INSERT INTO `spots` VALUES(107, 5, 1, 13);
INSERT INTO `spots` VALUES(108, 1, 1, 12);
INSERT INTO `spots` VALUES(108, 2, 1, 14);
INSERT INTO `spots` VALUES(108, 3, 1, 13);
INSERT INTO `spots` VALUES(108, 4, 1, 15);
INSERT INTO `spots` VALUES(108, 5, 1, 23);
INSERT INTO `spots` VALUES(109, 1, 1, 13);
INSERT INTO `spots` VALUES(109, 2, 1, 25);
INSERT INTO `spots` VALUES(109, 3, 1, 6);
INSERT INTO `spots` VALUES(109, 4, 1, 5);
INSERT INTO `spots` VALUES(109, 5, 1, 3);
INSERT INTO `spots` VALUES(110, 1, 1, 8);
INSERT INTO `spots` VALUES(110, 2, 1, 9);
INSERT INTO `spots` VALUES(110, 3, 1, 11);
INSERT INTO `spots` VALUES(110, 4, 1, 10);
INSERT INTO `spots` VALUES(110, 5, 1, 17);
INSERT INTO `spots` VALUES(111, 1, 1, 27);
INSERT INTO `spots` VALUES(111, 2, 1, 4);
INSERT INTO `spots` VALUES(111, 3, 1, 2);
INSERT INTO `spots` VALUES(111, 4, 1, 3);
INSERT INTO `spots` VALUES(111, 5, 1, 25);
INSERT INTO `spots` VALUES(112, 1, 1, 6);
INSERT INTO `spots` VALUES(112, 2, 1, 3);
INSERT INTO `spots` VALUES(112, 3, 1, 5);
INSERT INTO `spots` VALUES(112, 4, 1, 1);
INSERT INTO `spots` VALUES(112, 5, 1, 2);
INSERT INTO `spots` VALUES(113, 1, 1, 12);
INSERT INTO `spots` VALUES(113, 2, 1, 15);
INSERT INTO `spots` VALUES(113, 3, 1, 23);
INSERT INTO `spots` VALUES(113, 4, 1, 26);
INSERT INTO `spots` VALUES(113, 5, 1, 3);
INSERT INTO `spots` VALUES(114, 1, 1, 12);
INSERT INTO `spots` VALUES(114, 2, 1, 23);
INSERT INTO `spots` VALUES(114, 3, 1, 15);
INSERT INTO `spots` VALUES(114, 4, 1, 13);
INSERT INTO `spots` VALUES(114, 5, 1, 14);
INSERT INTO `spots` VALUES(115, 1, 1, 1);
INSERT INTO `spots` VALUES(115, 2, 1, 3);
INSERT INTO `spots` VALUES(115, 3, 1, 2);
INSERT INTO `spots` VALUES(115, 4, 1, 5);
INSERT INTO `spots` VALUES(115, 5, 1, 4);
INSERT INTO `spots` VALUES(116, 1, 1, 5);
INSERT INTO `spots` VALUES(116, 2, 1, 1);
INSERT INTO `spots` VALUES(116, 3, 1, 24);
INSERT INTO `spots` VALUES(116, 4, 1, 25);
INSERT INTO `spots` VALUES(116, 5, 1, 12);
INSERT INTO `spots` VALUES(117, 1, 1, 23);
INSERT INTO `spots` VALUES(117, 2, 1, 14);
INSERT INTO `spots` VALUES(117, 3, 1, 15);
INSERT INTO `spots` VALUES(117, 4, 1, 12);
INSERT INTO `spots` VALUES(117, 5, 1, 13);
INSERT INTO `spots` VALUES(118, 1, 1, 25);
INSERT INTO `spots` VALUES(118, 2, 1, 13);
INSERT INTO `spots` VALUES(118, 3, 1, 14);
INSERT INTO `spots` VALUES(118, 4, 1, 12);
INSERT INTO `spots` VALUES(118, 5, 1, 15);
INSERT INTO `spots` VALUES(119, 1, 1, 23);
INSERT INTO `spots` VALUES(119, 2, 1, 24);
INSERT INTO `spots` VALUES(119, 3, 1, 1);
INSERT INTO `spots` VALUES(119, 4, 1, 6);
INSERT INTO `spots` VALUES(119, 5, 1, 25);
INSERT INTO `spots` VALUES(120, 1, 1, 9);
INSERT INTO `spots` VALUES(120, 2, 1, 10);
INSERT INTO `spots` VALUES(120, 3, 1, 8);
INSERT INTO `spots` VALUES(120, 4, 1, 18);
INSERT INTO `spots` VALUES(120, 5, 1, 20);
INSERT INTO `spots` VALUES(121, 1, 1, 9);
INSERT INTO `spots` VALUES(121, 2, 1, 11);
INSERT INTO `spots` VALUES(121, 3, 1, 10);
INSERT INTO `spots` VALUES(121, 4, 1, 8);
INSERT INTO `spots` VALUES(121, 5, 1, 16);
INSERT INTO `spots` VALUES(122, 1, 1, 8);
INSERT INTO `spots` VALUES(122, 2, 1, 11);
INSERT INTO `spots` VALUES(122, 3, 1, 20);
INSERT INTO `spots` VALUES(122, 4, 1, 16);
INSERT INTO `spots` VALUES(122, 5, 1, 22);
INSERT INTO `spots` VALUES(123, 1, 1, 13);
INSERT INTO `spots` VALUES(123, 2, 1, 14);
INSERT INTO `spots` VALUES(123, 3, 1, 23);
INSERT INTO `spots` VALUES(123, 4, 1, 25);
INSERT INTO `spots` VALUES(123, 5, 1, 6);
INSERT INTO `spots` VALUES(124, 1, 1, 10);
INSERT INTO `spots` VALUES(124, 2, 1, 22);
INSERT INTO `spots` VALUES(124, 3, 1, 7);
INSERT INTO `spots` VALUES(124, 4, 1, 11);
INSERT INTO `spots` VALUES(124, 5, 1, 17);
INSERT INTO `spots` VALUES(125, 1, 1, 17);
INSERT INTO `spots` VALUES(125, 2, 1, 10);
INSERT INTO `spots` VALUES(125, 3, 1, 22);
INSERT INTO `spots` VALUES(125, 4, 1, 11);
INSERT INTO `spots` VALUES(125, 5, 1, 20);
INSERT INTO `spots` VALUES(126, 1, 1, 11);
INSERT INTO `spots` VALUES(126, 2, 1, 8);
INSERT INTO `spots` VALUES(126, 3, 1, 10);
INSERT INTO `spots` VALUES(126, 4, 1, 9);
INSERT INTO `spots` VALUES(126, 5, 1, 16);
INSERT INTO `spots` VALUES(127, 1, 1, 15);
INSERT INTO `spots` VALUES(127, 2, 1, 13);
INSERT INTO `spots` VALUES(127, 3, 1, 25);
INSERT INTO `spots` VALUES(127, 4, 1, 3);
INSERT INTO `spots` VALUES(127, 5, 1, 6);
INSERT INTO `spots` VALUES(128, 1, 1, 9);
INSERT INTO `spots` VALUES(128, 2, 1, 7);
INSERT INTO `spots` VALUES(128, 3, 1, 18);
INSERT INTO `spots` VALUES(128, 4, 1, 8);
INSERT INTO `spots` VALUES(128, 5, 1, 17);
INSERT INTO `spots` VALUES(129, 1, 1, 9);
INSERT INTO `spots` VALUES(129, 2, 1, 16);
INSERT INTO `spots` VALUES(129, 3, 1, 18);
INSERT INTO `spots` VALUES(129, 4, 1, 7);
INSERT INTO `spots` VALUES(129, 5, 1, 19);
INSERT INTO `spots` VALUES(130, 1, 1, 12);
INSERT INTO `spots` VALUES(130, 2, 1, 15);
INSERT INTO `spots` VALUES(130, 3, 1, 14);
INSERT INTO `spots` VALUES(130, 4, 1, 23);
INSERT INTO `spots` VALUES(130, 5, 1, 25);
INSERT INTO `spots` VALUES(131, 1, 1, 15);
INSERT INTO `spots` VALUES(131, 2, 1, 12);
INSERT INTO `spots` VALUES(131, 3, 1, 13);
INSERT INTO `spots` VALUES(131, 4, 1, 25);
INSERT INTO `spots` VALUES(131, 5, 1, 24);
INSERT INTO `spots` VALUES(132, 1, 1, 2);
INSERT INTO `spots` VALUES(132, 2, 1, 1);
INSERT INTO `spots` VALUES(132, 3, 1, 4);
INSERT INTO `spots` VALUES(132, 4, 1, 6);
INSERT INTO `spots` VALUES(132, 5, 1, 3);
INSERT INTO `spots` VALUES(133, 1, 1, 10);
INSERT INTO `spots` VALUES(133, 2, 1, 22);
INSERT INTO `spots` VALUES(133, 3, 1, 16);
INSERT INTO `spots` VALUES(133, 4, 1, 18);
INSERT INTO `spots` VALUES(133, 5, 1, 17);
INSERT INTO `spots` VALUES(134, 1, 1, 11);
INSERT INTO `spots` VALUES(134, 2, 1, 8);
INSERT INTO `spots` VALUES(134, 3, 1, 10);
INSERT INTO `spots` VALUES(134, 4, 1, 9);
INSERT INTO `spots` VALUES(134, 5, 1, 18);
INSERT INTO `spots` VALUES(135, 1, 1, 23);
INSERT INTO `spots` VALUES(135, 2, 1, 24);
INSERT INTO `spots` VALUES(135, 3, 1, 12);
INSERT INTO `spots` VALUES(135, 4, 1, 25);
INSERT INTO `spots` VALUES(135, 5, 1, 6);
INSERT INTO `spots` VALUES(136, 1, 1, 4);
INSERT INTO `spots` VALUES(136, 2, 1, 1);
INSERT INTO `spots` VALUES(136, 3, 1, 24);
INSERT INTO `spots` VALUES(136, 4, 1, 3);
INSERT INTO `spots` VALUES(136, 5, 1, 26);
INSERT INTO `spots` VALUES(137, 1, 1, 2);
INSERT INTO `spots` VALUES(137, 2, 1, 6);
INSERT INTO `spots` VALUES(137, 3, 1, 3);
INSERT INTO `spots` VALUES(137, 4, 1, 24);
INSERT INTO `spots` VALUES(137, 5, 1, 26);
INSERT INTO `spots` VALUES(138, 1, 1, 1);
INSERT INTO `spots` VALUES(138, 2, 1, 4);
INSERT INTO `spots` VALUES(138, 3, 1, 27);
INSERT INTO `spots` VALUES(138, 4, 1, 3);
INSERT INTO `spots` VALUES(138, 5, 1, 25);
INSERT INTO `spots` VALUES(139, 1, 1, 17);
INSERT INTO `spots` VALUES(139, 2, 1, 10);
INSERT INTO `spots` VALUES(139, 3, 1, 9);
INSERT INTO `spots` VALUES(139, 4, 1, 11);
INSERT INTO `spots` VALUES(139, 5, 1, 20);
INSERT INTO `spots` VALUES(140, 1, 1, 17);
INSERT INTO `spots` VALUES(140, 2, 1, 7);
INSERT INTO `spots` VALUES(140, 3, 1, 11);
INSERT INTO `spots` VALUES(140, 4, 1, 20);
INSERT INTO `spots` VALUES(140, 5, 1, 8);
INSERT INTO `spots` VALUES(141, 1, 1, 4);
INSERT INTO `spots` VALUES(141, 2, 1, 6);
INSERT INTO `spots` VALUES(141, 3, 1, 1);
INSERT INTO `spots` VALUES(141, 4, 1, 2);
INSERT INTO `spots` VALUES(141, 5, 1, 5);
INSERT INTO `spots` VALUES(142, 1, 1, 6);
INSERT INTO `spots` VALUES(142, 2, 1, 4);
INSERT INTO `spots` VALUES(142, 3, 1, 5);
INSERT INTO `spots` VALUES(142, 4, 1, 1);
INSERT INTO `spots` VALUES(142, 5, 1, 3);
INSERT INTO `spots` VALUES(143, 1, 1, 23);
INSERT INTO `spots` VALUES(143, 2, 1, 15);
INSERT INTO `spots` VALUES(143, 3, 1, 14);
INSERT INTO `spots` VALUES(143, 4, 1, 12);
INSERT INTO `spots` VALUES(143, 5, 1, 25);
INSERT INTO `spots` VALUES(144, 1, 1, 13);
INSERT INTO `spots` VALUES(144, 2, 1, 25);
INSERT INTO `spots` VALUES(144, 3, 1, 3);
INSERT INTO `spots` VALUES(144, 4, 1, 4);
INSERT INTO `spots` VALUES(144, 5, 1, 5);
INSERT INTO `spots` VALUES(145, 1, 1, 2);
INSERT INTO `spots` VALUES(145, 2, 1, 1);
INSERT INTO `spots` VALUES(145, 3, 1, 3);
INSERT INTO `spots` VALUES(145, 4, 1, 24);
INSERT INTO `spots` VALUES(145, 5, 1, 23);
INSERT INTO `spots` VALUES(146, 1, 1, 11);
INSERT INTO `spots` VALUES(146, 2, 1, 9);
INSERT INTO `spots` VALUES(146, 3, 1, 16);
INSERT INTO `spots` VALUES(146, 4, 1, 8);
INSERT INTO `spots` VALUES(146, 5, 1, 19);
INSERT INTO `spots` VALUES(147, 1, 1, 14);
INSERT INTO `spots` VALUES(147, 2, 1, 15);
INSERT INTO `spots` VALUES(147, 3, 1, 13);
INSERT INTO `spots` VALUES(147, 4, 1, 12);
INSERT INTO `spots` VALUES(147, 5, 1, 25);
INSERT INTO `spots` VALUES(148, 1, 1, 2);
INSERT INTO `spots` VALUES(148, 2, 1, 3);
INSERT INTO `spots` VALUES(148, 3, 1, 24);
INSERT INTO `spots` VALUES(148, 4, 1, 12);
INSERT INTO `spots` VALUES(148, 5, 1, 25);
INSERT INTO `spots` VALUES(149, 1, 1, 1);
INSERT INTO `spots` VALUES(149, 2, 1, 3);
INSERT INTO `spots` VALUES(149, 3, 1, 4);
INSERT INTO `spots` VALUES(149, 4, 1, 2);
INSERT INTO `spots` VALUES(149, 5, 1, 5);
INSERT INTO `spots` VALUES(150, 1, 1, 4);
INSERT INTO `spots` VALUES(150, 2, 1, 6);
INSERT INTO `spots` VALUES(150, 3, 1, 5);
INSERT INTO `spots` VALUES(150, 4, 1, 1);
INSERT INTO `spots` VALUES(150, 5, 1, 3);
INSERT INTO `spots` VALUES(151, 1, 1, 12);
INSERT INTO `spots` VALUES(151, 2, 1, 13);
INSERT INTO `spots` VALUES(151, 3, 1, 25);
INSERT INTO `spots` VALUES(151, 4, 1, 26);
INSERT INTO `spots` VALUES(151, 5, 1, 24);
INSERT INTO `spots` VALUES(152, 1, 1, 5);
INSERT INTO `spots` VALUES(152, 2, 1, 3);
INSERT INTO `spots` VALUES(152, 3, 1, 2);
INSERT INTO `spots` VALUES(152, 4, 1, 1);
INSERT INTO `spots` VALUES(152, 5, 1, 27);
INSERT INTO `spots` VALUES(153, 1, 1, 10);
INSERT INTO `spots` VALUES(153, 2, 1, 8);
INSERT INTO `spots` VALUES(153, 3, 1, 17);
INSERT INTO `spots` VALUES(153, 4, 1, 16);
INSERT INTO `spots` VALUES(153, 5, 1, 22);
INSERT INTO `spots` VALUES(154, 1, 1, 5);
INSERT INTO `spots` VALUES(154, 2, 1, 2);
INSERT INTO `spots` VALUES(154, 3, 1, 27);
INSERT INTO `spots` VALUES(154, 4, 1, 4);
INSERT INTO `spots` VALUES(154, 5, 1, 6);
INSERT INTO `spots` VALUES(155, 1, 1, 3);
INSERT INTO `spots` VALUES(155, 2, 1, 6);
INSERT INTO `spots` VALUES(155, 3, 1, 5);
INSERT INTO `spots` VALUES(155, 4, 1, 2);
INSERT INTO `spots` VALUES(155, 5, 1, 1);
INSERT INTO `spots` VALUES(156, 1, 1, 3);
INSERT INTO `spots` VALUES(156, 2, 1, 6);
INSERT INTO `spots` VALUES(156, 3, 1, 2);
INSERT INTO `spots` VALUES(156, 4, 1, 27);
INSERT INTO `spots` VALUES(156, 5, 1, 1);
INSERT INTO `spots` VALUES(157, 1, 1, 7);
INSERT INTO `spots` VALUES(157, 2, 1, 9);
INSERT INTO `spots` VALUES(157, 3, 1, 8);
INSERT INTO `spots` VALUES(157, 4, 1, 10);
INSERT INTO `spots` VALUES(157, 5, 1, 22);
INSERT INTO `spots` VALUES(158, 1, 1, 2);
INSERT INTO `spots` VALUES(158, 2, 1, 5);
INSERT INTO `spots` VALUES(158, 3, 1, 4);
INSERT INTO `spots` VALUES(158, 4, 1, 27);
INSERT INTO `spots` VALUES(158, 5, 1, 3);
INSERT INTO `spots` VALUES(159, 1, 1, 23);
INSERT INTO `spots` VALUES(159, 2, 1, 15);
INSERT INTO `spots` VALUES(159, 3, 1, 12);
INSERT INTO `spots` VALUES(159, 4, 1, 24);
INSERT INTO `spots` VALUES(159, 5, 1, 26);
INSERT INTO `spots` VALUES(160, 1, 1, 7);
INSERT INTO `spots` VALUES(160, 2, 1, 11);
INSERT INTO `spots` VALUES(160, 3, 1, 17);
INSERT INTO `spots` VALUES(160, 4, 1, 10);
INSERT INTO `spots` VALUES(160, 5, 1, 9);
INSERT INTO `spots` VALUES(161, 1, 1, 7);
INSERT INTO `spots` VALUES(161, 2, 1, 8);
INSERT INTO `spots` VALUES(161, 3, 1, 16);
INSERT INTO `spots` VALUES(161, 4, 1, 17);
INSERT INTO `spots` VALUES(161, 5, 1, 11);
INSERT INTO `spots` VALUES(162, 1, 1, 7);
INSERT INTO `spots` VALUES(162, 2, 1, 17);
INSERT INTO `spots` VALUES(162, 3, 1, 11);
INSERT INTO `spots` VALUES(162, 4, 1, 10);
INSERT INTO `spots` VALUES(162, 5, 1, 8);
INSERT INTO `spots` VALUES(163, 1, 1, 14);
INSERT INTO `spots` VALUES(163, 2, 1, 12);
INSERT INTO `spots` VALUES(163, 3, 1, 23);
INSERT INTO `spots` VALUES(163, 4, 1, 25);
INSERT INTO `spots` VALUES(163, 5, 1, 13);
INSERT INTO `spots` VALUES(164, 1, 1, 7);
INSERT INTO `spots` VALUES(164, 2, 1, 9);
INSERT INTO `spots` VALUES(164, 3, 1, 17);
INSERT INTO `spots` VALUES(164, 4, 1, 8);
INSERT INTO `spots` VALUES(164, 5, 1, 18);
INSERT INTO `spots` VALUES(165, 1, 1, 24);
INSERT INTO `spots` VALUES(165, 2, 1, 25);
INSERT INTO `spots` VALUES(165, 3, 1, 23);
INSERT INTO `spots` VALUES(165, 4, 1, 15);
INSERT INTO `spots` VALUES(165, 5, 1, 13);
INSERT INTO `spots` VALUES(166, 1, 1, 7);
INSERT INTO `spots` VALUES(166, 2, 1, 8);
INSERT INTO `spots` VALUES(166, 3, 1, 9);
INSERT INTO `spots` VALUES(166, 4, 1, 18);
INSERT INTO `spots` VALUES(166, 5, 1, 20);
INSERT INTO `spots` VALUES(167, 1, 1, 12);
INSERT INTO `spots` VALUES(167, 2, 1, 13);
INSERT INTO `spots` VALUES(167, 3, 1, 25);
INSERT INTO `spots` VALUES(167, 4, 1, 23);
INSERT INTO `spots` VALUES(167, 5, 1, 15);
INSERT INTO `spots` VALUES(168, 1, 1, 5);
INSERT INTO `spots` VALUES(168, 2, 1, 6);
INSERT INTO `spots` VALUES(168, 3, 1, 25);
INSERT INTO `spots` VALUES(168, 4, 1, 3);
INSERT INTO `spots` VALUES(168, 5, 1, 2);
INSERT INTO `spots` VALUES(169, 1, 1, 23);
INSERT INTO `spots` VALUES(169, 2, 1, 14);
INSERT INTO `spots` VALUES(169, 3, 1, 15);
INSERT INTO `spots` VALUES(169, 4, 1, 12);
INSERT INTO `spots` VALUES(169, 5, 1, 25);
INSERT INTO `spots` VALUES(170, 1, 1, 8);
INSERT INTO `spots` VALUES(170, 2, 1, 7);
INSERT INTO `spots` VALUES(170, 3, 1, 11);
INSERT INTO `spots` VALUES(170, 4, 1, 20);
INSERT INTO `spots` VALUES(170, 5, 1, 17);
INSERT INTO `spots` VALUES(171, 1, 1, 14);
INSERT INTO `spots` VALUES(171, 2, 1, 13);
INSERT INTO `spots` VALUES(171, 3, 1, 12);
INSERT INTO `spots` VALUES(171, 4, 1, 25);
INSERT INTO `spots` VALUES(171, 5, 1, 26);
INSERT INTO `spots` VALUES(172, 1, 1, 14);
INSERT INTO `spots` VALUES(172, 2, 1, 23);
INSERT INTO `spots` VALUES(172, 3, 1, 24);
INSERT INTO `spots` VALUES(172, 4, 1, 3);
INSERT INTO `spots` VALUES(172, 5, 1, 6);
INSERT INTO `spots` VALUES(173, 1, 1, 1);
INSERT INTO `spots` VALUES(173, 2, 1, 6);
INSERT INTO `spots` VALUES(173, 3, 1, 2);
INSERT INTO `spots` VALUES(173, 4, 1, 3);
INSERT INTO `spots` VALUES(173, 5, 1, 25);
INSERT INTO `spots` VALUES(174, 1, 1, 3);
INSERT INTO `spots` VALUES(174, 2, 1, 6);
INSERT INTO `spots` VALUES(174, 3, 1, 4);
INSERT INTO `spots` VALUES(174, 4, 1, 2);
INSERT INTO `spots` VALUES(174, 5, 1, 5);
INSERT INTO `spots` VALUES(175, 1, 1, 9);
INSERT INTO `spots` VALUES(175, 2, 1, 7);
INSERT INTO `spots` VALUES(175, 3, 1, 16);
INSERT INTO `spots` VALUES(175, 4, 1, 17);
INSERT INTO `spots` VALUES(175, 5, 1, 19);
INSERT INTO `spots` VALUES(176, 1, 1, 16);
INSERT INTO `spots` VALUES(176, 2, 1, 17);
INSERT INTO `spots` VALUES(176, 3, 1, 9);
INSERT INTO `spots` VALUES(176, 4, 1, 7);
INSERT INTO `spots` VALUES(176, 5, 1, 11);
INSERT INTO `spots` VALUES(177, 1, 1, 16);
INSERT INTO `spots` VALUES(177, 2, 1, 17);
INSERT INTO `spots` VALUES(177, 3, 1, 8);
INSERT INTO `spots` VALUES(177, 4, 1, 18);
INSERT INTO `spots` VALUES(177, 5, 1, 22);
INSERT INTO `spots` VALUES(178, 1, 1, 9);
INSERT INTO `spots` VALUES(178, 2, 1, 10);
INSERT INTO `spots` VALUES(178, 3, 1, 22);
INSERT INTO `spots` VALUES(178, 4, 1, 7);
INSERT INTO `spots` VALUES(178, 5, 1, 18);
INSERT INTO `spots` VALUES(179, 1, 1, 23);
INSERT INTO `spots` VALUES(179, 2, 1, 14);
INSERT INTO `spots` VALUES(179, 3, 1, 12);
INSERT INTO `spots` VALUES(179, 4, 1, 24);
INSERT INTO `spots` VALUES(179, 5, 1, 26);
INSERT INTO `spots` VALUES(180, 1, 1, 23);
INSERT INTO `spots` VALUES(180, 2, 1, 12);
INSERT INTO `spots` VALUES(180, 3, 1, 25);
INSERT INTO `spots` VALUES(180, 4, 1, 3);
INSERT INTO `spots` VALUES(180, 5, 1, 2);
INSERT INTO `spots` VALUES(181, 1, 1, 4);
INSERT INTO `spots` VALUES(181, 2, 1, 6);
INSERT INTO `spots` VALUES(181, 3, 1, 2);
INSERT INTO `spots` VALUES(181, 4, 1, 3);
INSERT INTO `spots` VALUES(181, 5, 1, 25);
INSERT INTO `spots` VALUES(182, 1, 1, 24);
INSERT INTO `spots` VALUES(182, 2, 1, 12);
INSERT INTO `spots` VALUES(182, 3, 1, 15);
INSERT INTO `spots` VALUES(182, 4, 1, 14);
INSERT INTO `spots` VALUES(182, 5, 1, 13);
INSERT INTO `spots` VALUES(183, 1, 1, 8);
INSERT INTO `spots` VALUES(183, 2, 1, 11);
INSERT INTO `spots` VALUES(183, 3, 1, 17);
INSERT INTO `spots` VALUES(183, 4, 1, 18);
INSERT INTO `spots` VALUES(183, 5, 1, 9);
INSERT INTO `spots` VALUES(184, 1, 1, 25);
INSERT INTO `spots` VALUES(184, 2, 1, 23);
INSERT INTO `spots` VALUES(184, 3, 1, 15);
INSERT INTO `spots` VALUES(184, 4, 1, 12);
INSERT INTO `spots` VALUES(184, 5, 1, 13);
INSERT INTO `spots` VALUES(185, 1, 1, 2);
INSERT INTO `spots` VALUES(185, 2, 1, 5);
INSERT INTO `spots` VALUES(185, 3, 1, 6);
INSERT INTO `spots` VALUES(185, 4, 1, 4);
INSERT INTO `spots` VALUES(185, 5, 1, 1);
INSERT INTO `spots` VALUES(186, 1, 1, 15);
INSERT INTO `spots` VALUES(186, 2, 1, 23);
INSERT INTO `spots` VALUES(186, 3, 1, 26);
INSERT INTO `spots` VALUES(186, 4, 1, 24);
INSERT INTO `spots` VALUES(186, 5, 1, 12);
INSERT INTO `spots` VALUES(187, 1, 1, 15);
INSERT INTO `spots` VALUES(187, 2, 1, 23);
INSERT INTO `spots` VALUES(187, 3, 1, 25);
INSERT INTO `spots` VALUES(187, 4, 1, 24);
INSERT INTO `spots` VALUES(187, 5, 1, 26);
INSERT INTO `spots` VALUES(188, 1, 1, 10);
INSERT INTO `spots` VALUES(188, 2, 1, 22);
INSERT INTO `spots` VALUES(188, 3, 1, 9);
INSERT INTO `spots` VALUES(188, 4, 1, 17);
INSERT INTO `spots` VALUES(188, 5, 1, 7);
INSERT INTO `spots` VALUES(189, 1, 1, 10);
INSERT INTO `spots` VALUES(189, 2, 1, 9);
INSERT INTO `spots` VALUES(189, 3, 1, 7);
INSERT INTO `spots` VALUES(189, 4, 1, 8);
INSERT INTO `spots` VALUES(189, 5, 1, 11);
INSERT INTO `spots` VALUES(190, 1, 1, 8);
INSERT INTO `spots` VALUES(190, 2, 1, 7);
INSERT INTO `spots` VALUES(190, 3, 1, 9);
INSERT INTO `spots` VALUES(190, 4, 1, 17);
INSERT INTO `spots` VALUES(190, 5, 1, 19);
INSERT INTO `spots` VALUES(191, 1, 1, 1);
INSERT INTO `spots` VALUES(191, 2, 1, 3);
INSERT INTO `spots` VALUES(191, 3, 1, 4);
INSERT INTO `spots` VALUES(191, 4, 1, 5);
INSERT INTO `spots` VALUES(191, 5, 1, 2);
INSERT INTO `spots` VALUES(192, 1, 1, 14);
INSERT INTO `spots` VALUES(192, 2, 1, 15);
INSERT INTO `spots` VALUES(192, 3, 1, 23);
INSERT INTO `spots` VALUES(192, 4, 1, 12);
INSERT INTO `spots` VALUES(192, 5, 1, 25);
INSERT INTO `spots` VALUES(193, 1, 1, 4);
INSERT INTO `spots` VALUES(193, 2, 1, 6);
INSERT INTO `spots` VALUES(193, 3, 1, 2);
INSERT INTO `spots` VALUES(193, 4, 1, 1);
INSERT INTO `spots` VALUES(193, 5, 1, 5);
INSERT INTO `spots` VALUES(194, 1, 1, 4);
INSERT INTO `spots` VALUES(194, 2, 1, 2);
INSERT INTO `spots` VALUES(194, 3, 1, 3);
INSERT INTO `spots` VALUES(194, 4, 1, 1);
INSERT INTO `spots` VALUES(194, 5, 1, 5);
INSERT INTO `spots` VALUES(195, 1, 1, 8);
INSERT INTO `spots` VALUES(195, 2, 1, 9);
INSERT INTO `spots` VALUES(195, 3, 1, 10);
INSERT INTO `spots` VALUES(195, 4, 1, 11);
INSERT INTO `spots` VALUES(195, 5, 1, 20);
INSERT INTO `spots` VALUES(196, 1, 1, 14);
INSERT INTO `spots` VALUES(196, 2, 1, 15);
INSERT INTO `spots` VALUES(196, 3, 1, 12);
INSERT INTO `spots` VALUES(196, 4, 1, 26);
INSERT INTO `spots` VALUES(196, 5, 1, 6);
INSERT INTO `spots` VALUES(197, 1, 1, 3);
INSERT INTO `spots` VALUES(197, 2, 1, 4);
INSERT INTO `spots` VALUES(197, 3, 1, 27);
INSERT INTO `spots` VALUES(197, 4, 1, 1);
INSERT INTO `spots` VALUES(197, 5, 1, 24);
INSERT INTO `spots` VALUES(198, 1, 1, 1);
INSERT INTO `spots` VALUES(198, 2, 1, 4);
INSERT INTO `spots` VALUES(198, 3, 1, 2);
INSERT INTO `spots` VALUES(198, 4, 1, 6);
INSERT INTO `spots` VALUES(198, 5, 1, 5);
INSERT INTO `spots` VALUES(199, 1, 1, 14);
INSERT INTO `spots` VALUES(199, 2, 1, 23);
INSERT INTO `spots` VALUES(199, 3, 1, 26);
INSERT INTO `spots` VALUES(199, 4, 1, 6);
INSERT INTO `spots` VALUES(199, 5, 1, 1);
INSERT INTO `spots` VALUES(200, 1, 1, 16);
INSERT INTO `spots` VALUES(200, 2, 1, 17);
INSERT INTO `spots` VALUES(200, 3, 1, 7);
INSERT INTO `spots` VALUES(200, 4, 1, 19);
INSERT INTO `spots` VALUES(200, 5, 1, 20);
INSERT INTO `spots` VALUES(201, 1, 1, 2);
INSERT INTO `spots` VALUES(201, 2, 1, 5);
INSERT INTO `spots` VALUES(201, 3, 1, 6);
INSERT INTO `spots` VALUES(201, 4, 1, 25);
INSERT INTO `spots` VALUES(201, 5, 1, 13);
INSERT INTO `spots` VALUES(202, 1, 1, 10);
INSERT INTO `spots` VALUES(202, 2, 1, 9);
INSERT INTO `spots` VALUES(202, 3, 1, 7);
INSERT INTO `spots` VALUES(202, 4, 1, 18);
INSERT INTO `spots` VALUES(202, 5, 1, 17);
INSERT INTO `spots` VALUES(203, 1, 1, 8);
INSERT INTO `spots` VALUES(203, 2, 1, 7);
INSERT INTO `spots` VALUES(203, 3, 1, 18);
INSERT INTO `spots` VALUES(203, 4, 1, 20);
INSERT INTO `spots` VALUES(203, 5, 1, 9);
INSERT INTO `spots` VALUES(204, 1, 1, 14);
INSERT INTO `spots` VALUES(204, 2, 1, 13);
INSERT INTO `spots` VALUES(204, 3, 1, 25);
INSERT INTO `spots` VALUES(204, 4, 1, 6);
INSERT INTO `spots` VALUES(204, 5, 1, 1);
INSERT INTO `spots` VALUES(205, 1, 1, 3);
INSERT INTO `spots` VALUES(205, 2, 1, 4);
INSERT INTO `spots` VALUES(205, 3, 1, 6);
INSERT INTO `spots` VALUES(205, 4, 1, 1);
INSERT INTO `spots` VALUES(205, 5, 1, 5);
INSERT INTO `spots` VALUES(206, 1, 1, 3);
INSERT INTO `spots` VALUES(206, 2, 1, 6);
INSERT INTO `spots` VALUES(206, 3, 1, 5);
INSERT INTO `spots` VALUES(206, 4, 1, 1);
INSERT INTO `spots` VALUES(206, 5, 1, 27);
INSERT INTO `spots` VALUES(207, 1, 1, 3);
INSERT INTO `spots` VALUES(207, 2, 1, 1);
INSERT INTO `spots` VALUES(207, 3, 1, 24);
INSERT INTO `spots` VALUES(207, 4, 1, 12);
INSERT INTO `spots` VALUES(207, 5, 1, 23);
INSERT INTO `spots` VALUES(208, 1, 1, 3);
INSERT INTO `spots` VALUES(208, 2, 1, 4);
INSERT INTO `spots` VALUES(208, 3, 1, 27);
INSERT INTO `spots` VALUES(208, 4, 1, 1);
INSERT INTO `spots` VALUES(208, 5, 1, 24);
INSERT INTO `spots` VALUES(209, 1, 1, 23);
INSERT INTO `spots` VALUES(209, 2, 1, 24);
INSERT INTO `spots` VALUES(209, 3, 1, 25);
INSERT INTO `spots` VALUES(209, 4, 1, 3);
INSERT INTO `spots` VALUES(209, 5, 1, 6);
INSERT INTO `spots` VALUES(210, 1, 1, 11);
INSERT INTO `spots` VALUES(210, 2, 1, 8);
INSERT INTO `spots` VALUES(210, 3, 1, 7);
INSERT INTO `spots` VALUES(210, 4, 1, 18);
INSERT INTO `spots` VALUES(210, 5, 1, 20);
INSERT INTO `spots` VALUES(211, 1, 1, 7);
INSERT INTO `spots` VALUES(211, 2, 1, 9);
INSERT INTO `spots` VALUES(211, 3, 1, 11);
INSERT INTO `spots` VALUES(211, 4, 1, 10);
INSERT INTO `spots` VALUES(211, 5, 1, 8);
INSERT INTO `spots` VALUES(212, 1, 1, 4);
INSERT INTO `spots` VALUES(212, 2, 1, 5);
INSERT INTO `spots` VALUES(212, 3, 1, 3);
INSERT INTO `spots` VALUES(212, 4, 1, 6);
INSERT INTO `spots` VALUES(212, 5, 1, 2);
INSERT INTO `spots` VALUES(213, 1, 1, 7);
INSERT INTO `spots` VALUES(213, 2, 1, 9);
INSERT INTO `spots` VALUES(213, 3, 1, 17);
INSERT INTO `spots` VALUES(213, 4, 1, 11);
INSERT INTO `spots` VALUES(213, 5, 1, 20);
INSERT INTO `spots` VALUES(214, 1, 1, 12);
INSERT INTO `spots` VALUES(214, 2, 1, 13);
INSERT INTO `spots` VALUES(214, 3, 1, 25);
INSERT INTO `spots` VALUES(214, 4, 1, 3);
INSERT INTO `spots` VALUES(214, 5, 1, 2);
INSERT INTO `spots` VALUES(215, 1, 1, 1);
INSERT INTO `spots` VALUES(215, 2, 1, 2);
INSERT INTO `spots` VALUES(215, 3, 1, 6);
INSERT INTO `spots` VALUES(215, 4, 1, 5);
INSERT INTO `spots` VALUES(215, 5, 1, 4);
INSERT INTO `spots` VALUES(216, 1, 1, 16);
INSERT INTO `spots` VALUES(216, 2, 1, 9);
INSERT INTO `spots` VALUES(216, 3, 1, 8);
INSERT INTO `spots` VALUES(216, 4, 1, 10);
INSERT INTO `spots` VALUES(216, 5, 1, 11);
INSERT INTO `spots` VALUES(217, 1, 1, 7);
INSERT INTO `spots` VALUES(217, 2, 1, 11);
INSERT INTO `spots` VALUES(217, 3, 1, 8);
INSERT INTO `spots` VALUES(217, 4, 1, 16);
INSERT INTO `spots` VALUES(217, 5, 1, 17);
INSERT INTO `spots` VALUES(218, 1, 1, 2);
INSERT INTO `spots` VALUES(218, 2, 1, 4);
INSERT INTO `spots` VALUES(218, 3, 1, 27);
INSERT INTO `spots` VALUES(218, 4, 1, 3);
INSERT INTO `spots` VALUES(218, 5, 1, 5);
INSERT INTO `spots` VALUES(219, 1, 1, 9);
INSERT INTO `spots` VALUES(219, 2, 1, 7);
INSERT INTO `spots` VALUES(219, 3, 1, 16);
INSERT INTO `spots` VALUES(219, 4, 1, 8);
INSERT INTO `spots` VALUES(219, 5, 1, 11);
INSERT INTO `spots` VALUES(220, 1, 1, 2);
INSERT INTO `spots` VALUES(220, 2, 1, 5);
INSERT INTO `spots` VALUES(220, 3, 1, 4);
INSERT INTO `spots` VALUES(220, 4, 1, 1);
INSERT INTO `spots` VALUES(220, 5, 1, 3);
INSERT INTO `spots` VALUES(221, 1, 1, 15);
INSERT INTO `spots` VALUES(221, 2, 1, 12);
INSERT INTO `spots` VALUES(221, 3, 1, 25);
INSERT INTO `spots` VALUES(221, 4, 1, 24);
INSERT INTO `spots` VALUES(221, 5, 1, 3);
INSERT INTO `spots` VALUES(222, 1, 1, 24);
INSERT INTO `spots` VALUES(222, 2, 1, 12);
INSERT INTO `spots` VALUES(222, 3, 1, 13);
INSERT INTO `spots` VALUES(222, 4, 1, 15);
INSERT INTO `spots` VALUES(222, 5, 1, 14);
INSERT INTO `spots` VALUES(223, 1, 1, 3);
INSERT INTO `spots` VALUES(223, 2, 1, 1);
INSERT INTO `spots` VALUES(223, 3, 1, 24);
INSERT INTO `spots` VALUES(223, 4, 1, 25);
INSERT INTO `spots` VALUES(223, 5, 1, 12);
INSERT INTO `spots` VALUES(224, 1, 1, 11);
INSERT INTO `spots` VALUES(224, 2, 1, 7);
INSERT INTO `spots` VALUES(224, 3, 1, 8);
INSERT INTO `spots` VALUES(224, 4, 1, 17);
INSERT INTO `spots` VALUES(224, 5, 1, 9);
INSERT INTO `spots` VALUES(225, 1, 1, 2);
INSERT INTO `spots` VALUES(225, 2, 1, 5);
INSERT INTO `spots` VALUES(225, 3, 1, 3);
INSERT INTO `spots` VALUES(225, 4, 1, 4);
INSERT INTO `spots` VALUES(225, 5, 1, 27);
INSERT INTO `spots` VALUES(226, 1, 1, 27);
INSERT INTO `spots` VALUES(226, 2, 1, 4);
INSERT INTO `spots` VALUES(226, 3, 1, 3);
INSERT INTO `spots` VALUES(226, 4, 1, 24);
INSERT INTO `spots` VALUES(226, 5, 1, 26);
INSERT INTO `spots` VALUES(227, 1, 1, 23);
INSERT INTO `spots` VALUES(227, 2, 1, 12);
INSERT INTO `spots` VALUES(227, 3, 1, 13);
INSERT INTO `spots` VALUES(227, 4, 1, 15);
INSERT INTO `spots` VALUES(227, 5, 1, 14);
INSERT INTO `spots` VALUES(228, 1, 1, 4);
INSERT INTO `spots` VALUES(228, 2, 1, 5);
INSERT INTO `spots` VALUES(228, 3, 1, 1);
INSERT INTO `spots` VALUES(228, 4, 1, 6);
INSERT INTO `spots` VALUES(228, 5, 1, 2);
INSERT INTO `spots` VALUES(229, 1, 1, 27);
INSERT INTO `spots` VALUES(229, 2, 1, 4);
INSERT INTO `spots` VALUES(229, 3, 1, 1);
INSERT INTO `spots` VALUES(229, 4, 1, 24);
INSERT INTO `spots` VALUES(229, 5, 1, 12);
INSERT INTO `spots` VALUES(230, 1, 1, 3);
INSERT INTO `spots` VALUES(230, 2, 1, 4);
INSERT INTO `spots` VALUES(230, 3, 1, 1);
INSERT INTO `spots` VALUES(230, 4, 1, 2);
INSERT INTO `spots` VALUES(230, 5, 1, 5);
INSERT INTO `spots` VALUES(231, 1, 1, 5);
INSERT INTO `spots` VALUES(231, 2, 1, 2);
INSERT INTO `spots` VALUES(231, 3, 1, 1);
INSERT INTO `spots` VALUES(231, 4, 1, 4);
INSERT INTO `spots` VALUES(231, 5, 1, 6);
INSERT INTO `spots` VALUES(232, 1, 1, 8);
INSERT INTO `spots` VALUES(232, 2, 1, 9);
INSERT INTO `spots` VALUES(232, 3, 1, 7);
INSERT INTO `spots` VALUES(232, 4, 1, 11);
INSERT INTO `spots` VALUES(232, 5, 1, 20);
INSERT INTO `spots` VALUES(233, 1, 1, 9);
INSERT INTO `spots` VALUES(233, 2, 1, 8);
INSERT INTO `spots` VALUES(233, 3, 1, 7);
INSERT INTO `spots` VALUES(233, 4, 1, 16);
INSERT INTO `spots` VALUES(233, 5, 1, 17);
INSERT INTO `spots` VALUES(234, 1, 1, 14);
INSERT INTO `spots` VALUES(234, 2, 1, 12);
INSERT INTO `spots` VALUES(234, 3, 1, 24);
INSERT INTO `spots` VALUES(234, 4, 1, 3);
INSERT INTO `spots` VALUES(234, 5, 1, 6);
INSERT INTO `spots` VALUES(235, 1, 1, 12);
INSERT INTO `spots` VALUES(235, 2, 1, 14);
INSERT INTO `spots` VALUES(235, 3, 1, 13);
INSERT INTO `spots` VALUES(235, 4, 1, 15);
INSERT INTO `spots` VALUES(235, 5, 1, 23);
INSERT INTO `spots` VALUES(236, 1, 1, 2);
INSERT INTO `spots` VALUES(236, 2, 1, 1);
INSERT INTO `spots` VALUES(236, 3, 1, 5);
INSERT INTO `spots` VALUES(236, 4, 1, 6);
INSERT INTO `spots` VALUES(236, 5, 1, 3);
INSERT INTO `spots` VALUES(237, 1, 1, 23);
INSERT INTO `spots` VALUES(237, 2, 1, 25);
INSERT INTO `spots` VALUES(237, 3, 1, 3);
INSERT INTO `spots` VALUES(237, 4, 1, 4);
INSERT INTO `spots` VALUES(237, 5, 1, 5);
INSERT INTO `spots` VALUES(238, 1, 1, 10);
INSERT INTO `spots` VALUES(238, 2, 1, 22);
INSERT INTO `spots` VALUES(238, 3, 1, 11);
INSERT INTO `spots` VALUES(238, 4, 1, 9);
INSERT INTO `spots` VALUES(238, 5, 1, 18);
INSERT INTO `spots` VALUES(239, 1, 1, 17);
INSERT INTO `spots` VALUES(239, 2, 1, 7);
INSERT INTO `spots` VALUES(239, 3, 1, 18);
INSERT INTO `spots` VALUES(239, 4, 1, 16);
INSERT INTO `spots` VALUES(239, 5, 1, 22);
INSERT INTO `spots` VALUES(240, 1, 1, 2);
INSERT INTO `spots` VALUES(240, 2, 1, 3);
INSERT INTO `spots` VALUES(240, 3, 1, 1);
INSERT INTO `spots` VALUES(240, 4, 1, 5);
INSERT INTO `spots` VALUES(240, 5, 1, 4);
INSERT INTO `spots` VALUES(241, 1, 1, 2);
INSERT INTO `spots` VALUES(241, 2, 1, 1);
INSERT INTO `spots` VALUES(241, 3, 1, 6);
INSERT INTO `spots` VALUES(241, 4, 1, 26);
INSERT INTO `spots` VALUES(241, 5, 1, 25);
INSERT INTO `spots` VALUES(242, 1, 1, 3);
INSERT INTO `spots` VALUES(242, 2, 1, 6);
INSERT INTO `spots` VALUES(242, 3, 1, 25);
INSERT INTO `spots` VALUES(242, 4, 1, 23);
INSERT INTO `spots` VALUES(242, 5, 1, 12);
INSERT INTO `spots` VALUES(243, 1, 1, 8);
INSERT INTO `spots` VALUES(243, 2, 1, 11);
INSERT INTO `spots` VALUES(243, 3, 1, 20);
INSERT INTO `spots` VALUES(243, 4, 1, 16);
INSERT INTO `spots` VALUES(243, 5, 1, 17);
INSERT INTO `spots` VALUES(244, 1, 1, 12);
INSERT INTO `spots` VALUES(244, 2, 1, 24);
INSERT INTO `spots` VALUES(244, 3, 1, 1);
INSERT INTO `spots` VALUES(244, 4, 1, 6);
INSERT INTO `spots` VALUES(244, 5, 1, 4);
INSERT INTO `spots` VALUES(245, 1, 1, 9);
INSERT INTO `spots` VALUES(245, 2, 1, 10);
INSERT INTO `spots` VALUES(245, 3, 1, 22);
INSERT INTO `spots` VALUES(245, 4, 1, 7);
INSERT INTO `spots` VALUES(245, 5, 1, 16);
INSERT INTO `spots` VALUES(246, 1, 1, 14);
INSERT INTO `spots` VALUES(246, 2, 1, 23);
INSERT INTO `spots` VALUES(246, 3, 1, 26);
INSERT INTO `spots` VALUES(246, 4, 1, 25);
INSERT INTO `spots` VALUES(246, 5, 1, 24);
INSERT INTO `spots` VALUES(247, 1, 1, 5);
INSERT INTO `spots` VALUES(247, 2, 1, 2);
INSERT INTO `spots` VALUES(247, 3, 1, 27);
INSERT INTO `spots` VALUES(247, 4, 1, 1);
INSERT INTO `spots` VALUES(247, 5, 1, 6);
INSERT INTO `spots` VALUES(248, 1, 1, 3);
INSERT INTO `spots` VALUES(248, 2, 1, 2);
INSERT INTO `spots` VALUES(248, 3, 1, 4);
INSERT INTO `spots` VALUES(248, 4, 1, 1);
INSERT INTO `spots` VALUES(248, 5, 1, 5);
INSERT INTO `spots` VALUES(249, 1, 1, 9);
INSERT INTO `spots` VALUES(249, 2, 1, 11);
INSERT INTO `spots` VALUES(249, 3, 1, 8);
INSERT INTO `spots` VALUES(249, 4, 1, 7);
INSERT INTO `spots` VALUES(249, 5, 1, 18);
INSERT INTO `spots` VALUES(250, 1, 1, 10);
INSERT INTO `spots` VALUES(250, 2, 1, 9);
INSERT INTO `spots` VALUES(250, 3, 1, 17);
INSERT INTO `spots` VALUES(250, 4, 1, 16);
INSERT INTO `spots` VALUES(250, 5, 1, 8);
INSERT INTO `spots` VALUES(251, 1, 1, 16);
INSERT INTO `spots` VALUES(251, 2, 1, 17);
INSERT INTO `spots` VALUES(251, 3, 1, 8);
INSERT INTO `spots` VALUES(251, 4, 1, 18);
INSERT INTO `spots` VALUES(251, 5, 1, 7);
INSERT INTO `spots` VALUES(252, 1, 1, 5);
INSERT INTO `spots` VALUES(252, 2, 1, 2);
INSERT INTO `spots` VALUES(252, 3, 1, 27);
INSERT INTO `spots` VALUES(252, 4, 1, 4);
INSERT INTO `spots` VALUES(252, 5, 1, 3);
INSERT INTO `spots` VALUES(253, 1, 1, 14);
INSERT INTO `spots` VALUES(253, 2, 1, 12);
INSERT INTO `spots` VALUES(253, 3, 1, 25);
INSERT INTO `spots` VALUES(253, 4, 1, 23);
INSERT INTO `spots` VALUES(253, 5, 1, 26);
INSERT INTO `spots` VALUES(254, 1, 1, 4);
INSERT INTO `spots` VALUES(254, 2, 1, 3);
INSERT INTO `spots` VALUES(254, 3, 1, 2);
INSERT INTO `spots` VALUES(254, 4, 1, 27);
INSERT INTO `spots` VALUES(254, 5, 1, 1);
INSERT INTO `spots` VALUES(255, 1, 1, 7);
INSERT INTO `spots` VALUES(255, 2, 1, 11);
INSERT INTO `spots` VALUES(255, 3, 1, 20);
INSERT INTO `spots` VALUES(255, 4, 1, 18);
INSERT INTO `spots` VALUES(255, 5, 1, 17);
INSERT INTO `spots` VALUES(256, 1, 1, 4);
INSERT INTO `spots` VALUES(256, 2, 1, 5);
INSERT INTO `spots` VALUES(256, 3, 1, 1);
INSERT INTO `spots` VALUES(256, 4, 1, 27);
INSERT INTO `spots` VALUES(256, 5, 1, 2);
INSERT INTO `spots` VALUES(257, 1, 1, 6);
INSERT INTO `spots` VALUES(257, 2, 1, 4);
INSERT INTO `spots` VALUES(257, 3, 1, 3);
INSERT INTO `spots` VALUES(257, 4, 1, 25);
INSERT INTO `spots` VALUES(257, 5, 1, 23);
INSERT INTO `spots` VALUES(258, 1, 1, 1);
INSERT INTO `spots` VALUES(258, 2, 1, 3);
INSERT INTO `spots` VALUES(258, 3, 1, 4);
INSERT INTO `spots` VALUES(258, 4, 1, 5);
INSERT INTO `spots` VALUES(258, 5, 1, 6);
INSERT INTO `spots` VALUES(259, 1, 1, 15);
INSERT INTO `spots` VALUES(259, 2, 1, 13);
INSERT INTO `spots` VALUES(259, 3, 1, 12);
INSERT INTO `spots` VALUES(259, 4, 1, 26);
INSERT INTO `spots` VALUES(259, 5, 1, 6);
INSERT INTO `spots` VALUES(260, 1, 1, 11);
INSERT INTO `spots` VALUES(260, 2, 1, 9);
INSERT INTO `spots` VALUES(260, 3, 1, 7);
INSERT INTO `spots` VALUES(260, 4, 1, 17);
INSERT INTO `spots` VALUES(260, 5, 1, 18);
INSERT INTO `spots` VALUES(261, 1, 1, 3);
INSERT INTO `spots` VALUES(261, 2, 1, 1);
INSERT INTO `spots` VALUES(261, 3, 1, 5);
INSERT INTO `spots` VALUES(261, 4, 1, 2);
INSERT INTO `spots` VALUES(261, 5, 1, 6);
INSERT INTO `spots` VALUES(262, 1, 1, 7);
INSERT INTO `spots` VALUES(262, 2, 1, 9);
INSERT INTO `spots` VALUES(262, 3, 1, 16);
INSERT INTO `spots` VALUES(262, 4, 1, 22);
INSERT INTO `spots` VALUES(262, 5, 1, 8);
INSERT INTO `spots` VALUES(263, 1, 1, 5);
INSERT INTO `spots` VALUES(263, 2, 1, 3);
INSERT INTO `spots` VALUES(263, 3, 1, 4);
INSERT INTO `spots` VALUES(263, 4, 1, 27);
INSERT INTO `spots` VALUES(263, 5, 1, 2);
INSERT INTO `spots` VALUES(264, 1, 1, 10);
INSERT INTO `spots` VALUES(264, 2, 1, 11);
INSERT INTO `spots` VALUES(264, 3, 1, 7);
INSERT INTO `spots` VALUES(264, 4, 1, 17);
INSERT INTO `spots` VALUES(264, 5, 1, 8);
INSERT INTO `spots` VALUES(265, 1, 1, 1);
INSERT INTO `spots` VALUES(265, 2, 1, 5);
INSERT INTO `spots` VALUES(265, 3, 1, 2);
INSERT INTO `spots` VALUES(265, 4, 1, 6);
INSERT INTO `spots` VALUES(265, 5, 1, 26);
INSERT INTO `spots` VALUES(266, 1, 1, 6);
INSERT INTO `spots` VALUES(266, 2, 1, 1);
INSERT INTO `spots` VALUES(266, 3, 1, 4);
INSERT INTO `spots` VALUES(266, 4, 1, 3);
INSERT INTO `spots` VALUES(266, 5, 1, 26);
INSERT INTO `spots` VALUES(267, 1, 1, 10);
INSERT INTO `spots` VALUES(267, 2, 1, 17);
INSERT INTO `spots` VALUES(267, 3, 1, 9);
INSERT INTO `spots` VALUES(267, 4, 1, 18);
INSERT INTO `spots` VALUES(267, 5, 1, 8);
INSERT INTO `spots` VALUES(268, 1, 1, 13);
INSERT INTO `spots` VALUES(268, 2, 1, 14);
INSERT INTO `spots` VALUES(268, 3, 1, 23);
INSERT INTO `spots` VALUES(268, 4, 1, 15);
INSERT INTO `spots` VALUES(268, 5, 1, 12);
INSERT INTO `spots` VALUES(269, 1, 1, 12);
INSERT INTO `spots` VALUES(269, 2, 1, 23);
INSERT INTO `spots` VALUES(269, 3, 1, 15);
INSERT INTO `spots` VALUES(269, 4, 1, 13);
INSERT INTO `spots` VALUES(269, 5, 1, 25);
INSERT INTO `spots` VALUES(270, 1, 1, 3);
INSERT INTO `spots` VALUES(270, 2, 1, 2);
INSERT INTO `spots` VALUES(270, 3, 1, 5);
INSERT INTO `spots` VALUES(270, 4, 1, 6);
INSERT INTO `spots` VALUES(270, 5, 1, 26);
INSERT INTO `spots` VALUES(271, 1, 1, 11);
INSERT INTO `spots` VALUES(271, 2, 1, 10);
INSERT INTO `spots` VALUES(271, 3, 1, 8);
INSERT INTO `spots` VALUES(271, 4, 1, 7);
INSERT INTO `spots` VALUES(271, 5, 1, 16);
INSERT INTO `spots` VALUES(272, 1, 1, 4);
INSERT INTO `spots` VALUES(272, 2, 1, 2);
INSERT INTO `spots` VALUES(272, 3, 1, 6);
INSERT INTO `spots` VALUES(272, 4, 1, 3);
INSERT INTO `spots` VALUES(272, 5, 1, 25);
INSERT INTO `spots` VALUES(273, 1, 1, 3);
INSERT INTO `spots` VALUES(273, 2, 1, 6);
INSERT INTO `spots` VALUES(273, 3, 1, 2);
INSERT INTO `spots` VALUES(273, 4, 1, 5);
INSERT INTO `spots` VALUES(273, 5, 1, 4);
INSERT INTO `spots` VALUES(274, 1, 1, 23);
INSERT INTO `spots` VALUES(274, 2, 1, 12);
INSERT INTO `spots` VALUES(274, 3, 1, 25);
INSERT INTO `spots` VALUES(274, 4, 1, 13);
INSERT INTO `spots` VALUES(274, 5, 1, 14);
INSERT INTO `spots` VALUES(275, 1, 1, 7);
INSERT INTO `spots` VALUES(275, 2, 1, 17);
INSERT INTO `spots` VALUES(275, 3, 1, 10);
INSERT INTO `spots` VALUES(275, 4, 1, 11);
INSERT INTO `spots` VALUES(275, 5, 1, 9);
INSERT INTO `spots` VALUES(276, 1, 1, 12);
INSERT INTO `spots` VALUES(276, 2, 1, 13);
INSERT INTO `spots` VALUES(276, 3, 1, 14);
INSERT INTO `spots` VALUES(276, 4, 1, 23);
INSERT INTO `spots` VALUES(276, 5, 1, 24);
INSERT INTO `spots` VALUES(277, 1, 1, 2);
INSERT INTO `spots` VALUES(277, 2, 1, 1);
INSERT INTO `spots` VALUES(277, 3, 1, 24);
INSERT INTO `spots` VALUES(277, 4, 1, 23);
INSERT INTO `spots` VALUES(277, 5, 1, 14);
INSERT INTO `spots` VALUES(278, 1, 1, 11);
INSERT INTO `spots` VALUES(278, 2, 1, 7);
INSERT INTO `spots` VALUES(278, 3, 1, 17);
INSERT INTO `spots` VALUES(278, 4, 1, 9);
INSERT INTO `spots` VALUES(278, 5, 1, 16);
INSERT INTO `spots` VALUES(279, 1, 1, 11);
INSERT INTO `spots` VALUES(279, 2, 1, 17);
INSERT INTO `spots` VALUES(279, 3, 1, 8);
INSERT INTO `spots` VALUES(279, 4, 1, 7);
INSERT INTO `spots` VALUES(279, 5, 1, 18);
INSERT INTO `spots` VALUES(280, 1, 1, 17);
INSERT INTO `spots` VALUES(280, 2, 1, 9);
INSERT INTO `spots` VALUES(280, 3, 1, 8);
INSERT INTO `spots` VALUES(280, 4, 1, 16);
INSERT INTO `spots` VALUES(280, 5, 1, 7);
INSERT INTO `spots` VALUES(281, 1, 1, 13);
INSERT INTO `spots` VALUES(281, 2, 1, 14);
INSERT INTO `spots` VALUES(281, 3, 1, 15);
INSERT INTO `spots` VALUES(281, 4, 1, 12);
INSERT INTO `spots` VALUES(281, 5, 1, 24);
INSERT INTO `spots` VALUES(282, 1, 1, 2);
INSERT INTO `spots` VALUES(282, 2, 1, 1);
INSERT INTO `spots` VALUES(282, 3, 1, 24);
INSERT INTO `spots` VALUES(282, 4, 1, 23);
INSERT INTO `spots` VALUES(282, 5, 1, 15);
INSERT INTO `spots` VALUES(283, 1, 1, 9);
INSERT INTO `spots` VALUES(283, 2, 1, 10);
INSERT INTO `spots` VALUES(283, 3, 1, 22);
INSERT INTO `spots` VALUES(283, 4, 1, 11);
INSERT INTO `spots` VALUES(283, 5, 1, 8);
INSERT INTO `spots` VALUES(284, 1, 1, 5);
INSERT INTO `spots` VALUES(284, 2, 1, 3);
INSERT INTO `spots` VALUES(284, 3, 1, 6);
INSERT INTO `spots` VALUES(284, 4, 1, 2);
INSERT INTO `spots` VALUES(284, 5, 1, 27);
INSERT INTO `spots` VALUES(285, 1, 1, 8);
INSERT INTO `spots` VALUES(285, 2, 1, 7);
INSERT INTO `spots` VALUES(285, 3, 1, 11);
INSERT INTO `spots` VALUES(285, 4, 1, 20);
INSERT INTO `spots` VALUES(285, 5, 1, 18);
INSERT INTO `spots` VALUES(286, 1, 1, 1);
INSERT INTO `spots` VALUES(286, 2, 1, 3);
INSERT INTO `spots` VALUES(286, 3, 1, 6);
INSERT INTO `spots` VALUES(286, 4, 1, 4);
INSERT INTO `spots` VALUES(286, 5, 1, 2);
INSERT INTO `spots` VALUES(287, 1, 1, 4);
INSERT INTO `spots` VALUES(287, 2, 1, 1);
INSERT INTO `spots` VALUES(287, 3, 1, 2);
INSERT INTO `spots` VALUES(287, 4, 1, 6);
INSERT INTO `spots` VALUES(287, 5, 1, 25);
INSERT INTO `spots` VALUES(288, 1, 1, 12);
INSERT INTO `spots` VALUES(288, 2, 1, 23);
INSERT INTO `spots` VALUES(288, 3, 1, 14);
INSERT INTO `spots` VALUES(288, 4, 1, 15);
INSERT INTO `spots` VALUES(288, 5, 1, 13);
INSERT INTO `spots` VALUES(289, 1, 1, 5);
INSERT INTO `spots` VALUES(289, 2, 1, 1);
INSERT INTO `spots` VALUES(289, 3, 1, 4);
INSERT INTO `spots` VALUES(289, 4, 1, 2);
INSERT INTO `spots` VALUES(289, 5, 1, 3);
INSERT INTO `spots` VALUES(290, 1, 1, 1);
INSERT INTO `spots` VALUES(290, 2, 1, 3);
INSERT INTO `spots` VALUES(290, 3, 1, 6);
INSERT INTO `spots` VALUES(290, 4, 1, 26);
INSERT INTO `spots` VALUES(290, 5, 1, 25);
INSERT INTO `spots` VALUES(291, 1, 1, 25);
INSERT INTO `spots` VALUES(291, 2, 1, 3);
INSERT INTO `spots` VALUES(291, 3, 1, 1);
INSERT INTO `spots` VALUES(291, 4, 1, 2);
INSERT INTO `spots` VALUES(291, 5, 1, 5);
INSERT INTO `spots` VALUES(292, 1, 1, 27);
INSERT INTO `spots` VALUES(292, 2, 1, 2);
INSERT INTO `spots` VALUES(292, 3, 1, 6);
INSERT INTO `spots` VALUES(292, 4, 1, 25);
INSERT INTO `spots` VALUES(292, 5, 1, 12);
INSERT INTO `spots` VALUES(293, 1, 1, 23);
INSERT INTO `spots` VALUES(293, 2, 1, 12);
INSERT INTO `spots` VALUES(293, 3, 1, 13);
INSERT INTO `spots` VALUES(293, 4, 1, 15);
INSERT INTO `spots` VALUES(293, 5, 1, 14);
INSERT INTO `spots` VALUES(294, 1, 1, 2);
INSERT INTO `spots` VALUES(294, 2, 1, 6);
INSERT INTO `spots` VALUES(294, 3, 1, 25);
INSERT INTO `spots` VALUES(294, 4, 1, 13);
INSERT INTO `spots` VALUES(294, 5, 1, 12);
INSERT INTO `spots` VALUES(295, 1, 1, 7);
INSERT INTO `spots` VALUES(295, 2, 1, 8);
INSERT INTO `spots` VALUES(295, 3, 1, 9);
INSERT INTO `spots` VALUES(295, 4, 1, 16);
INSERT INTO `spots` VALUES(295, 5, 1, 18);
INSERT INTO `spots` VALUES(296, 1, 1, 14);
INSERT INTO `spots` VALUES(296, 2, 1, 15);
INSERT INTO `spots` VALUES(296, 3, 1, 13);
INSERT INTO `spots` VALUES(296, 4, 1, 12);
INSERT INTO `spots` VALUES(296, 5, 1, 25);
INSERT INTO `spots` VALUES(297, 1, 1, 7);
INSERT INTO `spots` VALUES(297, 2, 1, 8);
INSERT INTO `spots` VALUES(297, 3, 1, 17);
INSERT INTO `spots` VALUES(297, 4, 1, 11);
INSERT INTO `spots` VALUES(297, 5, 1, 20);
INSERT INTO `spots` VALUES(298, 1, 1, 23);
INSERT INTO `spots` VALUES(298, 2, 1, 25);
INSERT INTO `spots` VALUES(298, 3, 1, 3);
INSERT INTO `spots` VALUES(298, 4, 1, 1);
INSERT INTO `spots` VALUES(298, 5, 1, 5);
INSERT INTO `spots` VALUES(299, 1, 1, 6);
INSERT INTO `spots` VALUES(299, 2, 1, 3);
INSERT INTO `spots` VALUES(299, 3, 1, 4);
INSERT INTO `spots` VALUES(299, 4, 1, 1);
INSERT INTO `spots` VALUES(299, 5, 1, 24);
INSERT INTO `spots` VALUES(300, 1, 1, 23);
INSERT INTO `spots` VALUES(300, 2, 1, 15);
INSERT INTO `spots` VALUES(300, 3, 1, 13);
INSERT INTO `spots` VALUES(300, 4, 1, 25);
INSERT INTO `spots` VALUES(300, 5, 1, 3);
INSERT INTO `spots` VALUES(301, 1, 1, 8);
INSERT INTO `spots` VALUES(301, 2, 1, 9);
INSERT INTO `spots` VALUES(301, 3, 1, 10);
INSERT INTO `spots` VALUES(301, 4, 1, 11);
INSERT INTO `spots` VALUES(301, 5, 1, 20);
INSERT INTO `spots` VALUES(302, 1, 1, 9);
INSERT INTO `spots` VALUES(302, 2, 1, 11);
INSERT INTO `spots` VALUES(302, 3, 1, 17);
INSERT INTO `spots` VALUES(302, 4, 1, 18);
INSERT INTO `spots` VALUES(302, 5, 1, 7);
INSERT INTO `spots` VALUES(303, 1, 1, 2);
INSERT INTO `spots` VALUES(303, 2, 1, 1);
INSERT INTO `spots` VALUES(303, 3, 1, 5);
INSERT INTO `spots` VALUES(303, 4, 1, 3);
INSERT INTO `spots` VALUES(303, 5, 1, 24);
INSERT INTO `spots` VALUES(304, 1, 1, 23);
INSERT INTO `spots` VALUES(304, 2, 1, 12);
INSERT INTO `spots` VALUES(304, 3, 1, 13);
INSERT INTO `spots` VALUES(304, 4, 1, 14);
INSERT INTO `spots` VALUES(304, 5, 1, 15);
INSERT INTO `spots` VALUES(305, 1, 1, 6);
INSERT INTO `spots` VALUES(305, 2, 1, 5);
INSERT INTO `spots` VALUES(305, 3, 1, 2);
INSERT INTO `spots` VALUES(305, 4, 1, 27);
INSERT INTO `spots` VALUES(305, 5, 1, 1);
INSERT INTO `spots` VALUES(306, 1, 1, 13);
INSERT INTO `spots` VALUES(306, 2, 1, 15);
INSERT INTO `spots` VALUES(306, 3, 1, 12);
INSERT INTO `spots` VALUES(306, 4, 1, 23);
INSERT INTO `spots` VALUES(306, 5, 1, 14);
INSERT INTO `spots` VALUES(307, 1, 1, 12);
INSERT INTO `spots` VALUES(307, 2, 1, 15);
INSERT INTO `spots` VALUES(307, 3, 1, 14);
INSERT INTO `spots` VALUES(307, 4, 1, 23);
INSERT INTO `spots` VALUES(307, 5, 1, 26);
INSERT INTO `spots` VALUES(308, 1, 1, 9);
INSERT INTO `spots` VALUES(308, 2, 1, 16);
INSERT INTO `spots` VALUES(308, 3, 1, 18);
INSERT INTO `spots` VALUES(308, 4, 1, 7);
INSERT INTO `spots` VALUES(308, 5, 1, 8);
INSERT INTO `spots` VALUES(309, 1, 1, 9);
INSERT INTO `spots` VALUES(309, 2, 1, 11);
INSERT INTO `spots` VALUES(309, 3, 1, 20);
INSERT INTO `spots` VALUES(309, 4, 1, 17);
INSERT INTO `spots` VALUES(309, 5, 1, 8);
INSERT INTO `spots` VALUES(310, 1, 1, 7);
INSERT INTO `spots` VALUES(310, 2, 1, 8);
INSERT INTO `spots` VALUES(310, 3, 1, 11);
INSERT INTO `spots` VALUES(310, 4, 1, 22);
INSERT INTO `spots` VALUES(310, 5, 1, 10);
INSERT INTO `spots` VALUES(311, 1, 1, 15);
INSERT INTO `spots` VALUES(311, 2, 1, 13);
INSERT INTO `spots` VALUES(311, 3, 1, 12);
INSERT INTO `spots` VALUES(311, 4, 1, 26);
INSERT INTO `spots` VALUES(311, 5, 1, 3);
INSERT INTO `spots` VALUES(312, 1, 1, 9);
INSERT INTO `spots` VALUES(312, 2, 1, 11);
INSERT INTO `spots` VALUES(312, 3, 1, 8);
INSERT INTO `spots` VALUES(312, 4, 1, 16);
INSERT INTO `spots` VALUES(312, 5, 1, 20);
INSERT INTO `spots` VALUES(313, 1, 1, 3);
INSERT INTO `spots` VALUES(313, 2, 1, 5);
INSERT INTO `spots` VALUES(313, 3, 1, 2);
INSERT INTO `spots` VALUES(313, 4, 1, 6);
INSERT INTO `spots` VALUES(313, 5, 1, 26);
INSERT INTO `spots` VALUES(314, 1, 1, 14);
INSERT INTO `spots` VALUES(314, 2, 1, 23);
INSERT INTO `spots` VALUES(314, 3, 1, 15);
INSERT INTO `spots` VALUES(314, 4, 1, 13);
INSERT INTO `spots` VALUES(314, 5, 1, 12);
INSERT INTO `spots` VALUES(315, 1, 1, 12);
INSERT INTO `spots` VALUES(315, 2, 1, 24);
INSERT INTO `spots` VALUES(315, 3, 1, 25);
INSERT INTO `spots` VALUES(315, 4, 1, 3);
INSERT INTO `spots` VALUES(315, 5, 1, 1);
INSERT INTO `spots` VALUES(316, 1, 1, 9);
INSERT INTO `spots` VALUES(316, 2, 1, 16);
INSERT INTO `spots` VALUES(316, 3, 1, 18);
INSERT INTO `spots` VALUES(316, 4, 1, 19);
INSERT INTO `spots` VALUES(316, 5, 1, 17);
INSERT INTO `spots` VALUES(317, 1, 1, 15);
INSERT INTO `spots` VALUES(317, 2, 1, 23);
INSERT INTO `spots` VALUES(317, 3, 1, 26);
INSERT INTO `spots` VALUES(317, 4, 1, 25);
INSERT INTO `spots` VALUES(317, 5, 1, 13);
INSERT INTO `spots` VALUES(318, 1, 1, 23);
INSERT INTO `spots` VALUES(318, 2, 1, 14);
INSERT INTO `spots` VALUES(318, 3, 1, 15);
INSERT INTO `spots` VALUES(318, 4, 1, 13);
INSERT INTO `spots` VALUES(318, 5, 1, 25);
INSERT INTO `spots` VALUES(319, 1, 1, 4);
INSERT INTO `spots` VALUES(319, 2, 1, 5);
INSERT INTO `spots` VALUES(319, 3, 1, 6);
INSERT INTO `spots` VALUES(319, 4, 1, 2);
INSERT INTO `spots` VALUES(319, 5, 1, 1);
INSERT INTO `spots` VALUES(320, 1, 1, 23);
INSERT INTO `spots` VALUES(320, 2, 1, 14);
INSERT INTO `spots` VALUES(320, 3, 1, 12);
INSERT INTO `spots` VALUES(320, 4, 1, 15);
INSERT INTO `spots` VALUES(320, 5, 1, 13);
INSERT INTO `spots` VALUES(321, 1, 1, 1);
INSERT INTO `spots` VALUES(321, 2, 1, 6);
INSERT INTO `spots` VALUES(321, 3, 1, 3);
INSERT INTO `spots` VALUES(321, 4, 1, 2);
INSERT INTO `spots` VALUES(321, 5, 1, 4);
INSERT INTO `spots` VALUES(322, 1, 1, 9);
INSERT INTO `spots` VALUES(322, 2, 1, 7);
INSERT INTO `spots` VALUES(322, 3, 1, 18);
INSERT INTO `spots` VALUES(322, 4, 1, 19);
INSERT INTO `spots` VALUES(322, 5, 1, 17);
INSERT INTO `spots` VALUES(323, 1, 1, 4);
INSERT INTO `spots` VALUES(323, 2, 1, 6);
INSERT INTO `spots` VALUES(323, 3, 1, 2);
INSERT INTO `spots` VALUES(323, 4, 1, 3);
INSERT INTO `spots` VALUES(323, 5, 1, 24);
INSERT INTO `spots` VALUES(324, 1, 1, 15);
INSERT INTO `spots` VALUES(324, 2, 1, 12);
INSERT INTO `spots` VALUES(324, 3, 1, 14);
INSERT INTO `spots` VALUES(324, 4, 1, 23);
INSERT INTO `spots` VALUES(324, 5, 1, 25);
INSERT INTO `spots` VALUES(325, 1, 1, 23);
INSERT INTO `spots` VALUES(325, 2, 1, 24);
INSERT INTO `spots` VALUES(325, 3, 1, 1);
INSERT INTO `spots` VALUES(325, 4, 1, 6);
INSERT INTO `spots` VALUES(325, 5, 1, 5);
INSERT INTO `spots` VALUES(326, 1, 1, 10);
INSERT INTO `spots` VALUES(326, 2, 1, 22);
INSERT INTO `spots` VALUES(326, 3, 1, 11);
INSERT INTO `spots` VALUES(326, 4, 1, 7);
INSERT INTO `spots` VALUES(326, 5, 1, 8);
INSERT INTO `spots` VALUES(327, 1, 1, 2);
INSERT INTO `spots` VALUES(327, 2, 1, 5);
INSERT INTO `spots` VALUES(327, 3, 1, 3);
INSERT INTO `spots` VALUES(327, 4, 1, 25);
INSERT INTO `spots` VALUES(327, 5, 1, 13);
INSERT INTO `spots` VALUES(328, 1, 1, 24);
INSERT INTO `spots` VALUES(328, 2, 1, 12);
INSERT INTO `spots` VALUES(328, 3, 1, 13);
INSERT INTO `spots` VALUES(328, 4, 1, 25);
INSERT INTO `spots` VALUES(328, 5, 1, 3);
INSERT INTO `spots` VALUES(348, 1, 1, 23);
INSERT INTO `spots` VALUES(348, 2, 1, 24);
INSERT INTO `spots` VALUES(348, 3, 1, 1);
INSERT INTO `spots` VALUES(348, 4, 1, 2);
INSERT INTO `spots` VALUES(348, 5, 1, 4);
INSERT INTO `spots` VALUES(349, 1, 1, 16);
INSERT INTO `spots` VALUES(349, 2, 1, 18);
INSERT INTO `spots` VALUES(349, 3, 1, 8);
INSERT INTO `spots` VALUES(349, 4, 1, 19);
INSERT INTO `spots` VALUES(349, 5, 1, 9);
INSERT INTO `spots` VALUES(350, 1, 1, 23);
INSERT INTO `spots` VALUES(350, 2, 1, 24);
INSERT INTO `spots` VALUES(350, 3, 1, 1);
INSERT INTO `spots` VALUES(350, 4, 1, 2);
INSERT INTO `spots` VALUES(350, 5, 1, 4);
INSERT INTO `spots` VALUES(351, 1, 1, 23);
INSERT INTO `spots` VALUES(351, 2, 1, 24);
INSERT INTO `spots` VALUES(351, 3, 1, 1);
INSERT INTO `spots` VALUES(351, 4, 1, 2);
INSERT INTO `spots` VALUES(351, 5, 1, 4);
INSERT INTO `spots` VALUES(352, 1, 1, 12);
INSERT INTO `spots` VALUES(352, 2, 1, 23);
INSERT INTO `spots` VALUES(352, 3, 1, 24);
INSERT INTO `spots` VALUES(352, 4, 1, 1);
INSERT INTO `spots` VALUES(352, 5, 1, 2);
INSERT INTO `spots` VALUES(353, 1, 1, 18);
INSERT INTO `spots` VALUES(353, 2, 1, 7);
INSERT INTO `spots` VALUES(353, 3, 1, 16);
INSERT INTO `spots` VALUES(353, 4, 1, 8);
INSERT INTO `spots` VALUES(353, 5, 1, 20);
INSERT INTO `spots` VALUES(354, 1, 1, 23);
INSERT INTO `spots` VALUES(354, 2, 1, 24);
INSERT INTO `spots` VALUES(354, 3, 1, 1);
INSERT INTO `spots` VALUES(354, 4, 1, 2);
INSERT INTO `spots` VALUES(354, 5, 1, 4);
INSERT INTO `spots` VALUES(355, 1, 1, 3);
INSERT INTO `spots` VALUES(355, 2, 1, 1);
INSERT INTO `spots` VALUES(355, 3, 1, 2);
INSERT INTO `spots` VALUES(355, 4, 1, 4);
INSERT INTO `spots` VALUES(355, 5, 1, 27);
INSERT INTO `spots` VALUES(356, 1, 1, 4);
INSERT INTO `spots` VALUES(356, 2, 1, 27);
INSERT INTO `spots` VALUES(356, 3, 1, 1);
INSERT INTO `spots` VALUES(356, 4, 1, 3);
INSERT INTO `spots` VALUES(356, 5, 1, 5);
INSERT INTO `spots` VALUES(357, 1, 1, 7);
INSERT INTO `spots` VALUES(357, 2, 1, 16);
INSERT INTO `spots` VALUES(357, 3, 1, 18);
INSERT INTO `spots` VALUES(357, 4, 1, 8);
INSERT INTO `spots` VALUES(357, 5, 1, 19);
INSERT INTO `spots` VALUES(358, 1, 1, 12);
INSERT INTO `spots` VALUES(358, 2, 1, 23);
INSERT INTO `spots` VALUES(358, 3, 1, 24);
INSERT INTO `spots` VALUES(358, 4, 1, 1);
INSERT INTO `spots` VALUES(358, 5, 1, 2);
INSERT INTO `spots` VALUES(359, 1, 1, 1);
INSERT INTO `spots` VALUES(359, 2, 1, 2);
INSERT INTO `spots` VALUES(359, 3, 1, 5);
INSERT INTO `spots` VALUES(360, 1, 1, 12);
INSERT INTO `spots` VALUES(361, 1, 1, 24);
INSERT INTO `spots` VALUES(361, 2, 1, 25);
INSERT INTO `spots` VALUES(361, 3, 1, 23);
INSERT INTO `spots` VALUES(362, 1, 1, 24);
INSERT INTO `spots` VALUES(362, 2, 1, 26);
INSERT INTO `spots` VALUES(363, 1, 1, 9);
INSERT INTO `spots` VALUES(363, 2, 1, 7);
INSERT INTO `spots` VALUES(363, 3, 1, 16);
INSERT INTO `spots` VALUES(363, 4, 1, 8);
INSERT INTO `spots` VALUES(363, 5, 1, 18);
INSERT INTO `spots` VALUES(364, 1, 1, 24);
INSERT INTO `spots` VALUES(364, 2, 1, 26);
INSERT INTO `spots` VALUES(365, 1, 1, 2);
INSERT INTO `spots` VALUES(365, 2, 1, 4);
INSERT INTO `spots` VALUES(365, 3, 1, 1);
INSERT INTO `spots` VALUES(365, 4, 1, 27);
INSERT INTO `spots` VALUES(366, 1, 1, 9);
INSERT INTO `spots` VALUES(366, 2, 1, 7);
INSERT INTO `spots` VALUES(366, 3, 1, 16);
INSERT INTO `spots` VALUES(366, 4, 1, 8);
INSERT INTO `spots` VALUES(366, 5, 1, 18);
INSERT INTO `spots` VALUES(367, 1, 1, 25);
INSERT INTO `spots` VALUES(367, 2, 1, 24);
INSERT INTO `spots` VALUES(367, 3, 1, 26);
INSERT INTO `spots` VALUES(368, 1, 1, 13);
INSERT INTO `spots` VALUES(368, 2, 1, 14);
INSERT INTO `spots` VALUES(368, 3, 1, 15);
INSERT INTO `spots` VALUES(369, 1, 1, 18);
INSERT INTO `spots` VALUES(369, 2, 1, 7);
INSERT INTO `spots` VALUES(369, 3, 1, 16);
INSERT INTO `spots` VALUES(369, 4, 1, 8);
INSERT INTO `spots` VALUES(369, 5, 1, 9);
INSERT INTO `spots` VALUES(370, 1, 1, 12);
INSERT INTO `spots` VALUES(371, 1, 1, 13);
INSERT INTO `spots` VALUES(371, 2, 1, 12);
INSERT INTO `spots` VALUES(372, 1, 1, 3);
INSERT INTO `spots` VALUES(372, 2, 1, 1);
INSERT INTO `spots` VALUES(372, 3, 1, 2);
INSERT INTO `spots` VALUES(372, 4, 1, 4);
INSERT INTO `spots` VALUES(372, 5, 1, 5);
INSERT INTO `spots` VALUES(373, 1, 1, 7);
INSERT INTO `spots` VALUES(373, 2, 1, 16);
INSERT INTO `spots` VALUES(373, 3, 1, 8);
INSERT INTO `spots` VALUES(373, 4, 1, 9);
INSERT INTO `spots` VALUES(373, 5, 1, 22);
INSERT INTO `spots` VALUES(374, 1, 1, 25);
INSERT INTO `spots` VALUES(374, 2, 1, 24);
INSERT INTO `spots` VALUES(374, 3, 1, 26);
INSERT INTO `spots` VALUES(375, 1, 1, 25);
INSERT INTO `spots` VALUES(375, 2, 1, 24);
INSERT INTO `spots` VALUES(375, 3, 1, 26);
INSERT INTO `spots` VALUES(376, 1, 1, 4);
INSERT INTO `spots` VALUES(376, 2, 1, 1);
INSERT INTO `spots` VALUES(376, 3, 1, 27);
INSERT INTO `spots` VALUES(377, 1, 1, 3);
INSERT INTO `spots` VALUES(377, 2, 1, 1);
INSERT INTO `spots` VALUES(377, 3, 1, 2);
INSERT INTO `spots` VALUES(377, 4, 1, 4);
INSERT INTO `spots` VALUES(377, 5, 1, 5);
INSERT INTO `spots` VALUES(378, 1, 1, 18);
INSERT INTO `spots` VALUES(378, 2, 1, 7);
INSERT INTO `spots` VALUES(378, 3, 1, 16);
INSERT INTO `spots` VALUES(378, 4, 1, 8);
INSERT INTO `spots` VALUES(378, 5, 1, 9);
INSERT INTO `spots` VALUES(379, 1, 1, 13);
INSERT INTO `spots` VALUES(379, 2, 1, 12);
INSERT INTO `spots` VALUES(380, 1, 1, 7);
INSERT INTO `spots` VALUES(380, 2, 1, 16);
INSERT INTO `spots` VALUES(380, 3, 1, 8);
INSERT INTO `spots` VALUES(380, 4, 1, 18);
INSERT INTO `spots` VALUES(380, 5, 1, 19);
INSERT INTO `spots` VALUES(381, 1, 1, 16);
INSERT INTO `spots` VALUES(381, 2, 1, 8);
INSERT INTO `spots` VALUES(381, 3, 1, 18);
INSERT INTO `spots` VALUES(381, 4, 1, 19);
INSERT INTO `spots` VALUES(381, 5, 1, 20);
INSERT INTO `spots` VALUES(382, 1, 1, 18);
INSERT INTO `spots` VALUES(382, 2, 1, 7);
INSERT INTO `spots` VALUES(382, 3, 1, 16);
INSERT INTO `spots` VALUES(382, 4, 1, 8);
INSERT INTO `spots` VALUES(382, 5, 1, 9);
INSERT INTO `spots` VALUES(383, 1, 1, 24);
INSERT INTO `spots` VALUES(383, 2, 1, 26);
INSERT INTO `spots` VALUES(384, 1, 1, 22);
INSERT INTO `spots` VALUES(384, 2, 1, 7);
INSERT INTO `spots` VALUES(384, 3, 1, 16);
INSERT INTO `spots` VALUES(384, 4, 1, 8);
INSERT INTO `spots` VALUES(384, 5, 1, 18);
INSERT INTO `spots` VALUES(385, 1, 1, 13);
INSERT INTO `spots` VALUES(385, 2, 1, 14);
INSERT INTO `spots` VALUES(385, 3, 1, 15);
INSERT INTO `spots` VALUES(386, 1, 1, 13);
INSERT INTO `spots` VALUES(386, 2, 1, 12);
INSERT INTO `spots` VALUES(387, 1, 1, 7);
INSERT INTO `spots` VALUES(387, 2, 1, 18);
INSERT INTO `spots` VALUES(387, 3, 1, 8);
INSERT INTO `spots` VALUES(387, 4, 1, 9);
INSERT INTO `spots` VALUES(387, 5, 1, 22);
INSERT INTO `spots` VALUES(388, 1, 1, 13);
INSERT INTO `spots` VALUES(388, 2, 1, 12);
INSERT INTO `spots` VALUES(389, 1, 1, 1);
INSERT INTO `spots` VALUES(389, 2, 1, 2);
INSERT INTO `spots` VALUES(389, 3, 1, 4);
INSERT INTO `spots` VALUES(389, 4, 1, 3);
INSERT INTO `spots` VALUES(389, 5, 1, 6);
INSERT INTO `spots` VALUES(390, 1, 1, 13);
INSERT INTO `spots` VALUES(390, 2, 1, 12);
INSERT INTO `spots` VALUES(391, 1, 1, 24);
INSERT INTO `spots` VALUES(391, 2, 1, 26);
INSERT INTO `spots` VALUES(392, 1, 1, 1);
INSERT INTO `spots` VALUES(392, 2, 1, 2);
INSERT INTO `spots` VALUES(392, 3, 1, 4);
INSERT INTO `spots` VALUES(392, 4, 1, 5);
INSERT INTO `spots` VALUES(393, 1, 1, 13);
INSERT INTO `spots` VALUES(393, 2, 1, 14);
INSERT INTO `spots` VALUES(393, 3, 1, 15);
INSERT INTO `spots` VALUES(394, 1, 1, 24);
INSERT INTO `spots` VALUES(394, 2, 1, 25);
INSERT INTO `spots` VALUES(394, 3, 1, 23);
INSERT INTO `spots` VALUES(395, 1, 1, 2);
INSERT INTO `spots` VALUES(395, 2, 1, 4);
INSERT INTO `spots` VALUES(395, 3, 1, 3);
INSERT INTO `spots` VALUES(395, 4, 1, 6);
INSERT INTO `spots` VALUES(396, 1, 1, 16);
INSERT INTO `spots` VALUES(396, 2, 1, 8);
INSERT INTO `spots` VALUES(396, 3, 1, 18);
INSERT INTO `spots` VALUES(396, 4, 1, 19);
INSERT INTO `spots` VALUES(396, 5, 1, 20);
INSERT INTO `spots` VALUES(397, 1, 1, 2);
INSERT INTO `spots` VALUES(397, 2, 1, 4);
INSERT INTO `spots` VALUES(397, 3, 1, 3);
INSERT INTO `spots` VALUES(397, 4, 1, 6);
INSERT INTO `spots` VALUES(398, 1, 1, 4);
INSERT INTO `spots` VALUES(398, 2, 1, 1);
INSERT INTO `spots` VALUES(398, 3, 1, 27);
INSERT INTO `spots` VALUES(399, 1, 1, 1);
INSERT INTO `spots` VALUES(399, 2, 1, 2);
INSERT INTO `spots` VALUES(399, 3, 1, 4);
INSERT INTO `spots` VALUES(399, 4, 1, 5);
INSERT INTO `spots` VALUES(400, 1, 1, 24);
INSERT INTO `spots` VALUES(400, 2, 1, 26);
INSERT INTO `spots` VALUES(401, 1, 1, 25);
INSERT INTO `spots` VALUES(401, 2, 1, 24);
INSERT INTO `spots` VALUES(401, 3, 1, 26);
INSERT INTO `spots` VALUES(402, 1, 1, 7);
INSERT INTO `spots` VALUES(402, 2, 1, 16);
INSERT INTO `spots` VALUES(402, 3, 1, 8);
INSERT INTO `spots` VALUES(402, 4, 1, 9);
INSERT INTO `spots` VALUES(402, 5, 1, 22);
INSERT INTO `spots` VALUES(403, 1, 1, 7);
INSERT INTO `spots` VALUES(403, 2, 1, 16);
INSERT INTO `spots` VALUES(404, 1, 1, 25);
INSERT INTO `spots` VALUES(404, 2, 1, 24);
INSERT INTO `spots` VALUES(404, 3, 1, 26);
INSERT INTO `spots` VALUES(405, 1, 1, 12);
INSERT INTO `spots` VALUES(406, 1, 1, 24);
INSERT INTO `spots` VALUES(406, 2, 1, 25);
INSERT INTO `spots` VALUES(406, 3, 1, 23);
INSERT INTO `spots` VALUES(407, 1, 1, 13);
INSERT INTO `spots` VALUES(407, 2, 1, 14);
INSERT INTO `spots` VALUES(407, 3, 1, 15);
INSERT INTO `spots` VALUES(408, 1, 1, 13);
INSERT INTO `spots` VALUES(408, 2, 1, 12);
INSERT INTO `spots` VALUES(409, 1, 1, 16);
INSERT INTO `spots` VALUES(409, 2, 1, 8);
INSERT INTO `spots` VALUES(409, 3, 1, 18);
INSERT INTO `spots` VALUES(409, 4, 1, 19);
INSERT INTO `spots` VALUES(409, 5, 1, 20);
INSERT INTO `spots` VALUES(410, 1, 1, 2);
INSERT INTO `spots` VALUES(410, 2, 1, 4);
INSERT INTO `spots` VALUES(410, 3, 1, 1);
INSERT INTO `spots` VALUES(410, 4, 1, 27);
INSERT INTO `spots` VALUES(411, 1, 1, 11);
INSERT INTO `spots` VALUES(411, 2, 1, 9);
INSERT INTO `spots` VALUES(411, 3, 1, 7);
INSERT INTO `spots` VALUES(411, 4, 1, 16);
INSERT INTO `spots` VALUES(411, 5, 1, 8);
INSERT INTO `spots` VALUES(412, 1, 1, 25);
INSERT INTO `spots` VALUES(412, 2, 1, 24);
INSERT INTO `spots` VALUES(412, 3, 1, 26);
INSERT INTO `spots` VALUES(413, 1, 1, 24);
INSERT INTO `spots` VALUES(413, 2, 1, 25);
INSERT INTO `spots` VALUES(413, 3, 1, 23);
INSERT INTO `spots` VALUES(414, 1, 1, 16);
INSERT INTO `spots` VALUES(414, 2, 1, 8);
INSERT INTO `spots` VALUES(414, 3, 1, 18);
INSERT INTO `spots` VALUES(414, 4, 1, 19);
INSERT INTO `spots` VALUES(414, 5, 1, 20);
INSERT INTO `spots` VALUES(415, 1, 1, 13);
INSERT INTO `spots` VALUES(415, 2, 1, 12);
INSERT INTO `spots` VALUES(416, 1, 1, 7);
INSERT INTO `spots` VALUES(416, 2, 1, 18);
INSERT INTO `spots` VALUES(416, 3, 1, 8);
INSERT INTO `spots` VALUES(416, 4, 1, 9);
INSERT INTO `spots` VALUES(416, 5, 1, 22);
INSERT INTO `spots` VALUES(417, 1, 1, 16);
INSERT INTO `spots` VALUES(417, 2, 1, 8);
INSERT INTO `spots` VALUES(417, 3, 1, 18);
INSERT INTO `spots` VALUES(417, 4, 1, 19);
INSERT INTO `spots` VALUES(417, 5, 1, 20);
INSERT INTO `spots` VALUES(418, 1, 1, 25);
INSERT INTO `spots` VALUES(418, 2, 1, 26);
INSERT INTO `spots` VALUES(419, 1, 1, 7);
INSERT INTO `spots` VALUES(419, 2, 1, 16);
INSERT INTO `spots` VALUES(419, 3, 1, 8);
INSERT INTO `spots` VALUES(419, 4, 1, 18);
INSERT INTO `spots` VALUES(419, 5, 1, 19);
INSERT INTO `spots` VALUES(420, 1, 1, 4);
INSERT INTO `spots` VALUES(420, 2, 1, 1);
INSERT INTO `spots` VALUES(420, 3, 1, 27);
INSERT INTO `spots` VALUES(421, 1, 1, 12);
INSERT INTO `spots` VALUES(422, 1, 1, 7);
INSERT INTO `spots` VALUES(422, 2, 1, 16);
INSERT INTO `spots` VALUES(422, 3, 1, 8);
INSERT INTO `spots` VALUES(422, 4, 1, 18);
INSERT INTO `spots` VALUES(422, 5, 1, 19);
INSERT INTO `spots` VALUES(423, 1, 1, 2);
INSERT INTO `spots` VALUES(423, 2, 1, 4);
INSERT INTO `spots` VALUES(423, 3, 1, 3);
INSERT INTO `spots` VALUES(423, 4, 1, 6);
INSERT INTO `spots` VALUES(424, 1, 1, 3);
INSERT INTO `spots` VALUES(424, 2, 1, 1);
INSERT INTO `spots` VALUES(424, 3, 1, 2);
INSERT INTO `spots` VALUES(424, 4, 1, 4);
INSERT INTO `spots` VALUES(424, 5, 1, 5);
INSERT INTO `spots` VALUES(425, 1, 1, 13);
INSERT INTO `spots` VALUES(425, 2, 1, 14);
INSERT INTO `spots` VALUES(425, 3, 1, 15);
INSERT INTO `spots` VALUES(426, 1, 1, 24);
INSERT INTO `spots` VALUES(426, 2, 1, 25);
INSERT INTO `spots` VALUES(426, 3, 1, 23);
INSERT INTO `spots` VALUES(427, 1, 1, 12);
INSERT INTO `spots` VALUES(428, 1, 1, 11);
INSERT INTO `spots` VALUES(428, 2, 1, 9);
INSERT INTO `spots` VALUES(428, 3, 1, 7);
INSERT INTO `spots` VALUES(428, 4, 1, 16);
INSERT INTO `spots` VALUES(428, 5, 1, 8);
INSERT INTO `spots` VALUES(429, 1, 1, 7);
INSERT INTO `spots` VALUES(429, 2, 1, 16);
INSERT INTO `spots` VALUES(429, 3, 1, 8);
INSERT INTO `spots` VALUES(429, 4, 1, 18);
INSERT INTO `spots` VALUES(429, 5, 1, 19);
INSERT INTO `spots` VALUES(430, 1, 1, 18);
INSERT INTO `spots` VALUES(430, 2, 1, 7);
INSERT INTO `spots` VALUES(430, 3, 1, 16);
INSERT INTO `spots` VALUES(430, 4, 1, 8);
INSERT INTO `spots` VALUES(430, 5, 1, 9);
INSERT INTO `spots` VALUES(431, 1, 1, 13);
INSERT INTO `spots` VALUES(431, 2, 1, 14);
INSERT INTO `spots` VALUES(431, 3, 1, 15);
INSERT INTO `spots` VALUES(432, 1, 1, 7);
INSERT INTO `spots` VALUES(432, 2, 1, 16);
INSERT INTO `spots` VALUES(433, 1, 1, 2);
INSERT INTO `spots` VALUES(433, 2, 1, 4);
INSERT INTO `spots` VALUES(433, 3, 1, 3);
INSERT INTO `spots` VALUES(433, 4, 1, 6);
INSERT INTO `spots` VALUES(434, 1, 1, 13);
INSERT INTO `spots` VALUES(434, 2, 1, 12);
INSERT INTO `spots` VALUES(435, 1, 1, 18);
INSERT INTO `spots` VALUES(435, 2, 1, 7);
INSERT INTO `spots` VALUES(435, 3, 1, 16);
INSERT INTO `spots` VALUES(435, 4, 1, 8);
INSERT INTO `spots` VALUES(435, 5, 1, 9);
INSERT INTO `spots` VALUES(436, 1, 1, 25);
INSERT INTO `spots` VALUES(436, 2, 1, 26);
INSERT INTO `spots` VALUES(437, 1, 1, 1);
INSERT INTO `spots` VALUES(437, 2, 1, 2);
INSERT INTO `spots` VALUES(437, 3, 1, 4);
INSERT INTO `spots` VALUES(437, 4, 1, 5);
INSERT INTO `spots` VALUES(438, 1, 1, 25);
INSERT INTO `spots` VALUES(438, 2, 1, 26);
INSERT INTO `spots` VALUES(439, 1, 1, 13);
INSERT INTO `spots` VALUES(439, 2, 1, 12);
INSERT INTO `spots` VALUES(440, 1, 1, 25);
INSERT INTO `spots` VALUES(440, 2, 1, 26);
INSERT INTO `spots` VALUES(441, 1, 1, 25);
INSERT INTO `spots` VALUES(441, 2, 1, 24);
INSERT INTO `spots` VALUES(441, 3, 1, 26);
INSERT INTO `spots` VALUES(442, 1, 1, 1);
INSERT INTO `spots` VALUES(442, 2, 1, 2);
INSERT INTO `spots` VALUES(442, 3, 1, 4);
INSERT INTO `spots` VALUES(442, 4, 1, 3);
INSERT INTO `spots` VALUES(442, 5, 1, 6);
INSERT INTO `spots` VALUES(443, 1, 1, 7);
INSERT INTO `spots` VALUES(443, 2, 1, 16);
INSERT INTO `spots` VALUES(444, 1, 1, 24);
INSERT INTO `spots` VALUES(444, 2, 1, 25);
INSERT INTO `spots` VALUES(444, 3, 1, 23);
INSERT INTO `spots` VALUES(445, 1, 1, 25);
INSERT INTO `spots` VALUES(445, 2, 1, 24);
INSERT INTO `spots` VALUES(445, 3, 1, 26);
INSERT INTO `spots` VALUES(446, 1, 1, 22);
INSERT INTO `spots` VALUES(446, 2, 1, 7);
INSERT INTO `spots` VALUES(446, 3, 1, 16);
INSERT INTO `spots` VALUES(446, 4, 1, 8);
INSERT INTO `spots` VALUES(446, 5, 1, 18);
INSERT INTO `spots` VALUES(447, 1, 1, 2);
INSERT INTO `spots` VALUES(447, 2, 1, 4);
INSERT INTO `spots` VALUES(447, 3, 1, 1);
INSERT INTO `spots` VALUES(447, 4, 1, 27);
INSERT INTO `spots` VALUES(448, 1, 1, 13);
INSERT INTO `spots` VALUES(448, 2, 1, 12);
INSERT INTO `spots` VALUES(449, 1, 1, 13);
INSERT INTO `spots` VALUES(449, 2, 1, 14);
INSERT INTO `spots` VALUES(449, 3, 1, 15);
INSERT INTO `spots` VALUES(450, 1, 1, 7);
INSERT INTO `spots` VALUES(450, 2, 1, 18);
INSERT INTO `spots` VALUES(450, 3, 1, 8);
INSERT INTO `spots` VALUES(450, 4, 1, 9);
INSERT INTO `spots` VALUES(450, 5, 1, 22);
INSERT INTO `spots` VALUES(451, 1, 1, 3);
INSERT INTO `spots` VALUES(451, 2, 1, 1);
INSERT INTO `spots` VALUES(451, 3, 1, 2);
INSERT INTO `spots` VALUES(451, 4, 1, 4);
INSERT INTO `spots` VALUES(451, 5, 1, 5);
INSERT INTO `spots` VALUES(452, 1, 1, 18);
INSERT INTO `spots` VALUES(452, 2, 1, 7);
INSERT INTO `spots` VALUES(452, 3, 1, 16);
INSERT INTO `spots` VALUES(452, 4, 1, 8);
INSERT INTO `spots` VALUES(452, 5, 1, 9);
INSERT INTO `spots` VALUES(453, 1, 1, 7);
INSERT INTO `spots` VALUES(453, 2, 1, 16);
INSERT INTO `spots` VALUES(453, 3, 1, 8);
INSERT INTO `spots` VALUES(453, 4, 1, 18);
INSERT INTO `spots` VALUES(453, 5, 1, 19);
INSERT INTO `spots` VALUES(454, 1, 1, 7);
INSERT INTO `spots` VALUES(454, 2, 1, 16);
INSERT INTO `spots` VALUES(455, 1, 1, 13);
INSERT INTO `spots` VALUES(455, 2, 1, 12);
INSERT INTO `spots` VALUES(456, 1, 1, 7);
INSERT INTO `spots` VALUES(456, 2, 1, 16);
INSERT INTO `spots` VALUES(456, 3, 1, 8);
INSERT INTO `spots` VALUES(456, 4, 1, 9);
INSERT INTO `spots` VALUES(456, 5, 1, 22);
INSERT INTO `spots` VALUES(457, 1, 1, 13);
INSERT INTO `spots` VALUES(457, 2, 1, 12);
INSERT INTO `spots` VALUES(458, 1, 1, 12);
INSERT INTO `spots` VALUES(459, 1, 1, 1);
INSERT INTO `spots` VALUES(459, 2, 1, 2);
INSERT INTO `spots` VALUES(459, 3, 1, 4);
INSERT INTO `spots` VALUES(459, 4, 1, 5);
INSERT INTO `spots` VALUES(460, 1, 1, 24);
INSERT INTO `spots` VALUES(460, 2, 1, 26);
INSERT INTO `spots` VALUES(461, 1, 1, 18);
INSERT INTO `spots` VALUES(461, 2, 1, 7);
INSERT INTO `spots` VALUES(461, 3, 1, 16);
INSERT INTO `spots` VALUES(461, 4, 1, 8);
INSERT INTO `spots` VALUES(461, 5, 1, 9);
INSERT INTO `spots` VALUES(462, 1, 1, 22);
INSERT INTO `spots` VALUES(462, 2, 1, 7);
INSERT INTO `spots` VALUES(462, 3, 1, 16);
INSERT INTO `spots` VALUES(462, 4, 1, 8);
INSERT INTO `spots` VALUES(462, 5, 1, 18);
INSERT INTO `spots` VALUES(463, 1, 1, 1);
INSERT INTO `spots` VALUES(463, 2, 1, 2);
INSERT INTO `spots` VALUES(463, 3, 1, 5);
INSERT INTO `spots` VALUES(464, 1, 1, 12);
INSERT INTO `spots` VALUES(465, 1, 1, 18);
INSERT INTO `spots` VALUES(465, 2, 1, 7);
INSERT INTO `spots` VALUES(465, 3, 1, 16);
INSERT INTO `spots` VALUES(465, 4, 1, 8);
INSERT INTO `spots` VALUES(465, 5, 1, 9);
INSERT INTO `spots` VALUES(466, 1, 1, 13);
INSERT INTO `spots` VALUES(466, 2, 1, 12);
INSERT INTO `spots` VALUES(467, 1, 1, 13);
INSERT INTO `spots` VALUES(467, 2, 1, 12);
INSERT INTO `spots` VALUES(468, 1, 1, 18);
INSERT INTO `spots` VALUES(468, 2, 1, 7);
INSERT INTO `spots` VALUES(468, 3, 1, 16);
INSERT INTO `spots` VALUES(468, 4, 1, 8);
INSERT INTO `spots` VALUES(468, 5, 1, 9);
INSERT INTO `spots` VALUES(469, 1, 1, 25);
INSERT INTO `spots` VALUES(469, 2, 1, 26);
INSERT INTO `spots` VALUES(470, 1, 1, 7);
INSERT INTO `spots` VALUES(470, 2, 1, 16);
INSERT INTO `spots` VALUES(470, 3, 1, 8);
INSERT INTO `spots` VALUES(470, 4, 1, 18);
INSERT INTO `spots` VALUES(470, 5, 1, 19);
INSERT INTO `spots` VALUES(471, 1, 1, 1);
INSERT INTO `spots` VALUES(471, 2, 1, 2);
INSERT INTO `spots` VALUES(471, 3, 1, 4);
INSERT INTO `spots` VALUES(471, 4, 1, 5);
INSERT INTO `spots` VALUES(472, 1, 1, 3);
INSERT INTO `spots` VALUES(472, 2, 1, 1);
INSERT INTO `spots` VALUES(472, 3, 1, 2);
INSERT INTO `spots` VALUES(472, 4, 1, 4);
INSERT INTO `spots` VALUES(472, 5, 1, 5);
INSERT INTO `spots` VALUES(473, 1, 1, 2);
INSERT INTO `spots` VALUES(473, 2, 1, 4);
INSERT INTO `spots` VALUES(473, 3, 1, 1);
INSERT INTO `spots` VALUES(473, 4, 1, 27);
INSERT INTO `spots` VALUES(474, 1, 1, 7);
INSERT INTO `spots` VALUES(474, 2, 1, 16);
INSERT INTO `spots` VALUES(474, 3, 1, 8);
INSERT INTO `spots` VALUES(474, 4, 1, 18);
INSERT INTO `spots` VALUES(474, 5, 1, 19);
INSERT INTO `spots` VALUES(475, 1, 1, 25);
INSERT INTO `spots` VALUES(475, 2, 1, 26);
INSERT INTO `spots` VALUES(476, 1, 1, 4);
INSERT INTO `spots` VALUES(476, 2, 1, 1);
INSERT INTO `spots` VALUES(476, 3, 1, 27);
INSERT INTO `spots` VALUES(477, 1, 1, 16);
INSERT INTO `spots` VALUES(477, 2, 1, 8);
INSERT INTO `spots` VALUES(477, 3, 1, 18);
INSERT INTO `spots` VALUES(477, 4, 1, 19);
INSERT INTO `spots` VALUES(477, 5, 1, 20);
INSERT INTO `spots` VALUES(478, 1, 1, 18);
INSERT INTO `spots` VALUES(478, 2, 1, 7);
INSERT INTO `spots` VALUES(478, 3, 1, 16);
INSERT INTO `spots` VALUES(478, 4, 1, 8);
INSERT INTO `spots` VALUES(478, 5, 1, 9);
INSERT INTO `spots` VALUES(479, 1, 1, 22);
INSERT INTO `spots` VALUES(479, 2, 1, 7);
INSERT INTO `spots` VALUES(479, 3, 1, 16);
INSERT INTO `spots` VALUES(479, 4, 1, 8);
INSERT INTO `spots` VALUES(479, 5, 1, 18);
INSERT INTO `spots` VALUES(480, 1, 1, 7);
INSERT INTO `spots` VALUES(480, 2, 1, 18);
INSERT INTO `spots` VALUES(480, 3, 1, 8);
INSERT INTO `spots` VALUES(480, 4, 1, 9);
INSERT INTO `spots` VALUES(480, 5, 1, 22);
INSERT INTO `spots` VALUES(481, 1, 1, 7);
INSERT INTO `spots` VALUES(481, 2, 1, 18);
INSERT INTO `spots` VALUES(481, 3, 1, 8);
INSERT INTO `spots` VALUES(481, 4, 1, 9);
INSERT INTO `spots` VALUES(481, 5, 1, 22);
INSERT INTO `spots` VALUES(482, 1, 1, 12);
INSERT INTO `spots` VALUES(483, 1, 1, 7);
INSERT INTO `spots` VALUES(483, 2, 1, 18);
INSERT INTO `spots` VALUES(483, 3, 1, 8);
INSERT INTO `spots` VALUES(483, 4, 1, 9);
INSERT INTO `spots` VALUES(483, 5, 1, 22);
INSERT INTO `spots` VALUES(484, 1, 1, 2);
INSERT INTO `spots` VALUES(484, 2, 1, 4);
INSERT INTO `spots` VALUES(484, 3, 1, 1);
INSERT INTO `spots` VALUES(484, 4, 1, 27);
INSERT INTO `spots` VALUES(485, 1, 1, 7);
INSERT INTO `spots` VALUES(485, 2, 1, 18);
INSERT INTO `spots` VALUES(485, 3, 1, 8);
INSERT INTO `spots` VALUES(485, 4, 1, 9);
INSERT INTO `spots` VALUES(485, 5, 1, 22);
INSERT INTO `spots` VALUES(486, 1, 1, 3);
INSERT INTO `spots` VALUES(486, 2, 1, 1);
INSERT INTO `spots` VALUES(486, 3, 1, 2);
INSERT INTO `spots` VALUES(486, 4, 1, 4);
INSERT INTO `spots` VALUES(486, 5, 1, 5);
INSERT INTO `spots` VALUES(487, 1, 1, 7);
INSERT INTO `spots` VALUES(487, 2, 1, 16);
INSERT INTO `spots` VALUES(488, 1, 1, 24);
INSERT INTO `spots` VALUES(488, 2, 1, 26);
INSERT INTO `spots` VALUES(489, 1, 1, 13);
INSERT INTO `spots` VALUES(489, 2, 1, 14);
INSERT INTO `spots` VALUES(489, 3, 1, 15);
INSERT INTO `spots` VALUES(490, 1, 1, 18);
INSERT INTO `spots` VALUES(490, 2, 1, 7);
INSERT INTO `spots` VALUES(490, 3, 1, 16);
INSERT INTO `spots` VALUES(490, 4, 1, 8);
INSERT INTO `spots` VALUES(490, 5, 1, 9);
INSERT INTO `spots` VALUES(491, 1, 1, 7);
INSERT INTO `spots` VALUES(491, 2, 1, 16);
INSERT INTO `spots` VALUES(491, 3, 1, 8);
INSERT INTO `spots` VALUES(491, 4, 1, 9);
INSERT INTO `spots` VALUES(491, 5, 1, 22);
INSERT INTO `spots` VALUES(492, 1, 1, 2);
INSERT INTO `spots` VALUES(492, 2, 1, 4);
INSERT INTO `spots` VALUES(492, 3, 1, 3);
INSERT INTO `spots` VALUES(492, 4, 1, 6);
INSERT INTO `spots` VALUES(493, 1, 1, 7);
INSERT INTO `spots` VALUES(493, 2, 1, 16);
INSERT INTO `spots` VALUES(493, 3, 1, 8);
INSERT INTO `spots` VALUES(493, 4, 1, 9);
INSERT INTO `spots` VALUES(493, 5, 1, 22);
INSERT INTO `spots` VALUES(494, 1, 1, 12);
INSERT INTO `spots` VALUES(495, 1, 1, 12);
INSERT INTO `spots` VALUES(496, 1, 1, 1);
INSERT INTO `spots` VALUES(496, 2, 1, 2);
INSERT INTO `spots` VALUES(496, 3, 1, 4);
INSERT INTO `spots` VALUES(496, 4, 1, 3);
INSERT INTO `spots` VALUES(496, 5, 1, 6);
INSERT INTO `spots` VALUES(497, 1, 1, 9);
INSERT INTO `spots` VALUES(497, 2, 1, 7);
INSERT INTO `spots` VALUES(497, 3, 1, 16);
INSERT INTO `spots` VALUES(497, 4, 1, 8);
INSERT INTO `spots` VALUES(497, 5, 1, 18);
INSERT INTO `spots` VALUES(498, 1, 1, 11);
INSERT INTO `spots` VALUES(498, 2, 1, 9);
INSERT INTO `spots` VALUES(498, 3, 1, 7);
INSERT INTO `spots` VALUES(498, 4, 1, 16);
INSERT INTO `spots` VALUES(498, 5, 1, 8);
INSERT INTO `spots` VALUES(499, 1, 1, 1);
INSERT INTO `spots` VALUES(499, 2, 1, 2);
INSERT INTO `spots` VALUES(499, 3, 1, 5);
INSERT INTO `spots` VALUES(500, 1, 1, 25);
INSERT INTO `spots` VALUES(500, 2, 1, 24);
INSERT INTO `spots` VALUES(500, 3, 1, 26);
INSERT INTO `spots` VALUES(501, 1, 1, 13);
INSERT INTO `spots` VALUES(501, 2, 1, 14);
INSERT INTO `spots` VALUES(501, 3, 1, 15);
INSERT INTO `spots` VALUES(502, 1, 1, 7);
INSERT INTO `spots` VALUES(502, 2, 1, 16);
INSERT INTO `spots` VALUES(503, 1, 1, 7);
INSERT INTO `spots` VALUES(503, 2, 1, 16);
INSERT INTO `spots` VALUES(503, 3, 1, 8);
INSERT INTO `spots` VALUES(503, 4, 1, 18);
INSERT INTO `spots` VALUES(503, 5, 1, 19);
INSERT INTO `spots` VALUES(504, 1, 1, 4);
INSERT INTO `spots` VALUES(504, 2, 1, 1);
INSERT INTO `spots` VALUES(504, 3, 1, 27);
INSERT INTO `spots` VALUES(505, 1, 1, 7);
INSERT INTO `spots` VALUES(505, 2, 1, 18);
INSERT INTO `spots` VALUES(505, 3, 1, 8);
INSERT INTO `spots` VALUES(505, 4, 1, 9);
INSERT INTO `spots` VALUES(505, 5, 1, 22);
INSERT INTO `spots` VALUES(506, 1, 1, 7);
INSERT INTO `spots` VALUES(506, 2, 1, 18);
INSERT INTO `spots` VALUES(506, 3, 1, 8);
INSERT INTO `spots` VALUES(506, 4, 1, 9);
INSERT INTO `spots` VALUES(506, 5, 1, 22);
INSERT INTO `spots` VALUES(507, 1, 1, 7);
INSERT INTO `spots` VALUES(507, 2, 1, 16);
INSERT INTO `spots` VALUES(507, 3, 1, 8);
INSERT INTO `spots` VALUES(507, 4, 1, 9);
INSERT INTO `spots` VALUES(507, 5, 1, 22);
INSERT INTO `spots` VALUES(508, 1, 1, 18);
INSERT INTO `spots` VALUES(508, 2, 1, 7);
INSERT INTO `spots` VALUES(508, 3, 1, 16);
INSERT INTO `spots` VALUES(508, 4, 1, 8);
INSERT INTO `spots` VALUES(508, 5, 1, 9);
INSERT INTO `spots` VALUES(509, 1, 1, 7);
INSERT INTO `spots` VALUES(509, 2, 1, 16);
INSERT INTO `spots` VALUES(509, 3, 1, 8);
INSERT INTO `spots` VALUES(509, 4, 1, 18);
INSERT INTO `spots` VALUES(509, 5, 1, 19);
INSERT INTO `spots` VALUES(510, 1, 1, 25);
INSERT INTO `spots` VALUES(510, 2, 1, 24);
INSERT INTO `spots` VALUES(510, 3, 1, 26);
INSERT INTO `spots` VALUES(511, 1, 1, 3);
INSERT INTO `spots` VALUES(511, 2, 1, 1);
INSERT INTO `spots` VALUES(511, 3, 1, 2);
INSERT INTO `spots` VALUES(511, 4, 1, 4);
INSERT INTO `spots` VALUES(511, 5, 1, 5);
INSERT INTO `spots` VALUES(512, 1, 1, 2);
INSERT INTO `spots` VALUES(512, 2, 1, 4);
INSERT INTO `spots` VALUES(512, 3, 1, 1);
INSERT INTO `spots` VALUES(512, 4, 1, 27);
INSERT INTO `spots` VALUES(513, 1, 1, 24);
INSERT INTO `spots` VALUES(513, 2, 1, 25);
INSERT INTO `spots` VALUES(513, 3, 1, 23);
INSERT INTO `spots` VALUES(514, 1, 1, 7);
INSERT INTO `spots` VALUES(514, 2, 1, 16);
INSERT INTO `spots` VALUES(514, 3, 1, 8);
INSERT INTO `spots` VALUES(514, 4, 1, 18);
INSERT INTO `spots` VALUES(514, 5, 1, 19);
INSERT INTO `spots` VALUES(515, 1, 1, 1);
INSERT INTO `spots` VALUES(515, 2, 1, 2);
INSERT INTO `spots` VALUES(515, 3, 1, 5);
INSERT INTO `spots` VALUES(516, 1, 1, 25);
INSERT INTO `spots` VALUES(516, 2, 1, 24);
INSERT INTO `spots` VALUES(516, 3, 1, 26);
INSERT INTO `spots` VALUES(517, 1, 1, 7);
INSERT INTO `spots` VALUES(517, 2, 1, 16);
INSERT INTO `spots` VALUES(517, 3, 1, 8);
INSERT INTO `spots` VALUES(517, 4, 1, 9);
INSERT INTO `spots` VALUES(517, 5, 1, 22);
INSERT INTO `spots` VALUES(518, 1, 1, 25);
INSERT INTO `spots` VALUES(518, 2, 1, 26);
INSERT INTO `spots` VALUES(519, 1, 1, 12);
INSERT INTO `spots` VALUES(520, 1, 1, 16);
INSERT INTO `spots` VALUES(520, 2, 1, 8);
INSERT INTO `spots` VALUES(520, 3, 1, 18);
INSERT INTO `spots` VALUES(520, 4, 1, 19);
INSERT INTO `spots` VALUES(520, 5, 1, 20);
INSERT INTO `spots` VALUES(521, 1, 1, 18);
INSERT INTO `spots` VALUES(521, 2, 1, 7);
INSERT INTO `spots` VALUES(521, 3, 1, 16);
INSERT INTO `spots` VALUES(521, 4, 1, 8);
INSERT INTO `spots` VALUES(521, 5, 1, 9);
INSERT INTO `spots` VALUES(522, 1, 1, 2);
INSERT INTO `spots` VALUES(522, 2, 1, 4);
INSERT INTO `spots` VALUES(522, 3, 1, 1);
INSERT INTO `spots` VALUES(522, 4, 1, 27);
INSERT INTO `spots` VALUES(523, 1, 1, 11);
INSERT INTO `spots` VALUES(523, 2, 1, 9);
INSERT INTO `spots` VALUES(523, 3, 1, 7);
INSERT INTO `spots` VALUES(523, 4, 1, 16);
INSERT INTO `spots` VALUES(523, 5, 1, 8);
INSERT INTO `spots` VALUES(524, 1, 1, 18);
INSERT INTO `spots` VALUES(524, 2, 1, 7);
INSERT INTO `spots` VALUES(524, 3, 1, 16);
INSERT INTO `spots` VALUES(524, 4, 1, 8);
INSERT INTO `spots` VALUES(524, 5, 1, 9);
INSERT INTO `spots` VALUES(525, 1, 1, 24);
INSERT INTO `spots` VALUES(525, 2, 1, 26);
INSERT INTO `spots` VALUES(526, 1, 1, 7);
INSERT INTO `spots` VALUES(526, 2, 1, 18);
INSERT INTO `spots` VALUES(526, 3, 1, 8);
INSERT INTO `spots` VALUES(526, 4, 1, 9);
INSERT INTO `spots` VALUES(526, 5, 1, 22);
INSERT INTO `spots` VALUES(527, 1, 1, 25);
INSERT INTO `spots` VALUES(527, 2, 1, 26);
INSERT INTO `spots` VALUES(528, 1, 1, 18);
INSERT INTO `spots` VALUES(528, 2, 1, 7);
INSERT INTO `spots` VALUES(528, 3, 1, 16);
INSERT INTO `spots` VALUES(528, 4, 1, 8);
INSERT INTO `spots` VALUES(528, 5, 1, 9);
INSERT INTO `spots` VALUES(529, 1, 1, 7);
INSERT INTO `spots` VALUES(529, 2, 1, 16);
INSERT INTO `spots` VALUES(530, 1, 1, 9);
INSERT INTO `spots` VALUES(530, 2, 1, 7);
INSERT INTO `spots` VALUES(530, 3, 1, 16);
INSERT INTO `spots` VALUES(530, 4, 1, 8);
INSERT INTO `spots` VALUES(530, 5, 1, 18);
INSERT INTO `spots` VALUES(531, 1, 1, 7);
INSERT INTO `spots` VALUES(531, 2, 1, 18);
INSERT INTO `spots` VALUES(531, 3, 1, 8);
INSERT INTO `spots` VALUES(531, 4, 1, 9);
INSERT INTO `spots` VALUES(531, 5, 1, 22);
INSERT INTO `spots` VALUES(532, 1, 1, 13);
INSERT INTO `spots` VALUES(532, 2, 1, 12);
INSERT INTO `spots` VALUES(533, 1, 1, 7);
INSERT INTO `spots` VALUES(533, 2, 1, 16);
INSERT INTO `spots` VALUES(533, 3, 1, 8);
INSERT INTO `spots` VALUES(533, 4, 1, 18);
INSERT INTO `spots` VALUES(533, 5, 1, 19);
INSERT INTO `spots` VALUES(534, 1, 1, 18);
INSERT INTO `spots` VALUES(534, 2, 1, 7);
INSERT INTO `spots` VALUES(534, 3, 1, 16);
INSERT INTO `spots` VALUES(534, 4, 1, 8);
INSERT INTO `spots` VALUES(534, 5, 1, 9);
INSERT INTO `spots` VALUES(535, 1, 1, 7);
INSERT INTO `spots` VALUES(535, 2, 1, 16);
INSERT INTO `spots` VALUES(535, 3, 1, 8);
INSERT INTO `spots` VALUES(535, 4, 1, 18);
INSERT INTO `spots` VALUES(535, 5, 1, 19);
INSERT INTO `spots` VALUES(536, 1, 1, 22);
INSERT INTO `spots` VALUES(536, 2, 1, 7);
INSERT INTO `spots` VALUES(536, 3, 1, 16);
INSERT INTO `spots` VALUES(536, 4, 1, 8);
INSERT INTO `spots` VALUES(536, 5, 1, 18);
INSERT INTO `spots` VALUES(537, 1, 1, 18);
INSERT INTO `spots` VALUES(537, 2, 1, 7);
INSERT INTO `spots` VALUES(537, 3, 1, 16);
INSERT INTO `spots` VALUES(537, 4, 1, 8);
INSERT INTO `spots` VALUES(537, 5, 1, 9);
INSERT INTO `spots` VALUES(538, 1, 1, 22);
INSERT INTO `spots` VALUES(538, 2, 1, 7);
INSERT INTO `spots` VALUES(538, 3, 1, 16);
INSERT INTO `spots` VALUES(538, 4, 1, 8);
INSERT INTO `spots` VALUES(538, 5, 1, 18);
INSERT INTO `spots` VALUES(539, 1, 1, 4);
INSERT INTO `spots` VALUES(539, 2, 1, 1);
INSERT INTO `spots` VALUES(539, 3, 1, 27);
INSERT INTO `spots` VALUES(540, 1, 1, 9);
INSERT INTO `spots` VALUES(540, 2, 1, 7);
INSERT INTO `spots` VALUES(540, 3, 1, 16);
INSERT INTO `spots` VALUES(540, 4, 1, 8);
INSERT INTO `spots` VALUES(540, 5, 1, 18);
INSERT INTO `spots` VALUES(541, 1, 1, 12);
INSERT INTO `spots` VALUES(542, 1, 1, 11);
INSERT INTO `spots` VALUES(542, 2, 1, 9);
INSERT INTO `spots` VALUES(542, 3, 1, 7);
INSERT INTO `spots` VALUES(542, 4, 1, 16);
INSERT INTO `spots` VALUES(542, 5, 1, 8);
INSERT INTO `spots` VALUES(543, 1, 1, 4);
INSERT INTO `spots` VALUES(543, 2, 1, 1);
INSERT INTO `spots` VALUES(543, 3, 1, 27);
INSERT INTO `spots` VALUES(544, 1, 1, 24);
INSERT INTO `spots` VALUES(544, 2, 1, 26);
INSERT INTO `spots` VALUES(545, 1, 1, 24);
INSERT INTO `spots` VALUES(545, 2, 1, 25);
INSERT INTO `spots` VALUES(545, 3, 1, 23);
INSERT INTO `spots` VALUES(546, 1, 1, 11);
INSERT INTO `spots` VALUES(546, 2, 1, 9);
INSERT INTO `spots` VALUES(546, 3, 1, 7);
INSERT INTO `spots` VALUES(546, 4, 1, 16);
INSERT INTO `spots` VALUES(546, 5, 1, 8);
INSERT INTO `spots` VALUES(547, 1, 1, 25);
INSERT INTO `spots` VALUES(547, 2, 1, 24);
INSERT INTO `spots` VALUES(547, 3, 1, 26);
INSERT INTO `spots` VALUES(548, 1, 1, 3);
INSERT INTO `spots` VALUES(548, 2, 1, 1);
INSERT INTO `spots` VALUES(548, 3, 1, 2);
INSERT INTO `spots` VALUES(548, 4, 1, 4);
INSERT INTO `spots` VALUES(548, 5, 1, 5);
INSERT INTO `spots` VALUES(549, 1, 1, 16);
INSERT INTO `spots` VALUES(549, 2, 1, 8);
INSERT INTO `spots` VALUES(549, 3, 1, 18);
INSERT INTO `spots` VALUES(549, 4, 1, 19);
INSERT INTO `spots` VALUES(549, 5, 1, 20);
INSERT INTO `spots` VALUES(550, 1, 1, 18);
INSERT INTO `spots` VALUES(550, 2, 1, 7);
INSERT INTO `spots` VALUES(550, 3, 1, 16);
INSERT INTO `spots` VALUES(550, 4, 1, 8);
INSERT INTO `spots` VALUES(550, 5, 1, 9);
INSERT INTO `spots` VALUES(551, 1, 1, 1);
INSERT INTO `spots` VALUES(551, 2, 1, 2);
INSERT INTO `spots` VALUES(551, 3, 1, 4);
INSERT INTO `spots` VALUES(551, 4, 1, 5);
INSERT INTO `spots` VALUES(552, 1, 1, 11);
INSERT INTO `spots` VALUES(552, 2, 1, 9);
INSERT INTO `spots` VALUES(552, 3, 1, 7);
INSERT INTO `spots` VALUES(552, 4, 1, 16);
INSERT INTO `spots` VALUES(552, 5, 1, 8);
INSERT INTO `spots` VALUES(553, 1, 1, 13);
INSERT INTO `spots` VALUES(553, 2, 1, 12);
INSERT INTO `spots` VALUES(554, 1, 1, 25);
INSERT INTO `spots` VALUES(554, 2, 1, 24);
INSERT INTO `spots` VALUES(554, 3, 1, 26);
INSERT INTO `spots` VALUES(555, 1, 1, 1);
INSERT INTO `spots` VALUES(555, 2, 1, 2);
INSERT INTO `spots` VALUES(555, 3, 1, 4);
INSERT INTO `spots` VALUES(555, 4, 1, 3);
INSERT INTO `spots` VALUES(555, 5, 1, 6);
INSERT INTO `spots` VALUES(556, 1, 1, 7);
INSERT INTO `spots` VALUES(556, 2, 1, 16);
INSERT INTO `spots` VALUES(556, 3, 1, 8);
INSERT INTO `spots` VALUES(556, 4, 1, 18);
INSERT INTO `spots` VALUES(556, 5, 1, 19);
INSERT INTO `spots` VALUES(557, 1, 1, 12);
INSERT INTO `spots` VALUES(558, 1, 1, 2);
INSERT INTO `spots` VALUES(558, 2, 1, 4);
INSERT INTO `spots` VALUES(558, 3, 1, 1);
INSERT INTO `spots` VALUES(558, 4, 1, 27);
INSERT INTO `spots` VALUES(559, 1, 1, 12);
INSERT INTO `spots` VALUES(560, 1, 1, 13);
INSERT INTO `spots` VALUES(560, 2, 1, 12);
INSERT INTO `spots` VALUES(561, 1, 1, 1);
INSERT INTO `spots` VALUES(561, 2, 1, 2);
INSERT INTO `spots` VALUES(561, 3, 1, 5);
INSERT INTO `spots` VALUES(562, 1, 1, 18);
INSERT INTO `spots` VALUES(562, 2, 1, 7);
INSERT INTO `spots` VALUES(562, 3, 1, 8);
INSERT INTO `spots` VALUES(562, 4, 1, 9);
INSERT INTO `spots` VALUES(562, 5, 1, 11);
INSERT INTO `spots` VALUES(563, 1, 1, 7);
INSERT INTO `spots` VALUES(563, 2, 1, 8);
INSERT INTO `spots` VALUES(563, 3, 1, 9);
INSERT INTO `spots` VALUES(563, 4, 1, 11);
INSERT INTO `spots` VALUES(563, 5, 1, 10);
INSERT INTO `spots` VALUES(564, 1, 1, 25);
INSERT INTO `spots` VALUES(564, 2, 1, 24);
INSERT INTO `spots` VALUES(564, 3, 1, 26);
INSERT INTO `spots` VALUES(565, 1, 1, 7);
INSERT INTO `spots` VALUES(565, 2, 1, 8);
INSERT INTO `spots` VALUES(565, 3, 1, 9);
INSERT INTO `spots` VALUES(565, 4, 1, 11);
INSERT INTO `spots` VALUES(565, 5, 1, 10);
INSERT INTO `spots` VALUES(566, 1, 1, 2);
INSERT INTO `spots` VALUES(566, 2, 1, 4);
INSERT INTO `spots` VALUES(566, 3, 1, 3);
INSERT INTO `spots` VALUES(566, 4, 1, 6);
INSERT INTO `spots` VALUES(567, 1, 1, 1);
INSERT INTO `spots` VALUES(567, 2, 1, 2);
INSERT INTO `spots` VALUES(567, 3, 1, 5);
INSERT INTO `spots` VALUES(568, 1, 1, 2);
INSERT INTO `spots` VALUES(568, 2, 1, 1);
INSERT INTO `spots` VALUES(568, 3, 1, 3);
INSERT INTO `spots` VALUES(568, 4, 1, 4);
INSERT INTO `spots` VALUES(569, 1, 1, 8);
INSERT INTO `spots` VALUES(569, 2, 1, 9);
INSERT INTO `spots` VALUES(569, 3, 1, 11);
INSERT INTO `spots` VALUES(569, 4, 1, 10);
INSERT INTO `spots` VALUES(570, 1, 1, 3);
INSERT INTO `spots` VALUES(570, 2, 1, 1);
INSERT INTO `spots` VALUES(570, 3, 1, 2);
INSERT INTO `spots` VALUES(570, 4, 1, 4);
INSERT INTO `spots` VALUES(570, 5, 1, 5);
INSERT INTO `spots` VALUES(571, 1, 1, 1);
INSERT INTO `spots` VALUES(571, 2, 1, 2);
INSERT INTO `spots` VALUES(571, 3, 1, 4);
INSERT INTO `spots` VALUES(571, 4, 1, 3);
INSERT INTO `spots` VALUES(571, 5, 1, 6);
INSERT INTO `spots` VALUES(572, 1, 1, 13);
INSERT INTO `spots` VALUES(572, 2, 1, 14);
INSERT INTO `spots` VALUES(572, 3, 1, 15);
INSERT INTO `spots` VALUES(573, 1, 1, 11);
INSERT INTO `spots` VALUES(573, 2, 1, 9);
INSERT INTO `spots` VALUES(573, 3, 1, 7);
INSERT INTO `spots` VALUES(573, 4, 1, 8);
INSERT INTO `spots` VALUES(573, 5, 1, 16);
INSERT INTO `spots` VALUES(574, 1, 1, 23);
INSERT INTO `spots` VALUES(575, 1, 1, 1);
INSERT INTO `spots` VALUES(575, 2, 1, 2);
INSERT INTO `spots` VALUES(575, 3, 1, 4);
INSERT INTO `spots` VALUES(575, 4, 1, 5);
INSERT INTO `spots` VALUES(576, 1, 1, 11);
INSERT INTO `spots` VALUES(576, 2, 1, 9);
INSERT INTO `spots` VALUES(576, 3, 1, 7);
INSERT INTO `spots` VALUES(576, 4, 1, 8);
INSERT INTO `spots` VALUES(576, 5, 1, 16);
INSERT INTO `spots` VALUES(577, 1, 1, 14);
INSERT INTO `spots` VALUES(577, 2, 1, 13);
INSERT INTO `spots` VALUES(577, 3, 1, 12);
INSERT INTO `spots` VALUES(578, 1, 1, 10);
INSERT INTO `spots` VALUES(579, 1, 1, 11);
INSERT INTO `spots` VALUES(579, 2, 1, 9);
INSERT INTO `spots` VALUES(579, 3, 1, 8);
INSERT INTO `spots` VALUES(579, 4, 1, 7);
INSERT INTO `spots` VALUES(579, 5, 1, 16);
INSERT INTO `spots` VALUES(580, 1, 1, 15);
INSERT INTO `spots` VALUES(580, 2, 1, 13);
INSERT INTO `spots` VALUES(580, 3, 1, 12);
INSERT INTO `spots` VALUES(581, 1, 1, 8);
INSERT INTO `spots` VALUES(581, 2, 1, 7);
INSERT INTO `spots` VALUES(581, 3, 1, 9);
INSERT INTO `spots` VALUES(581, 4, 1, 11);
INSERT INTO `spots` VALUES(581, 5, 1, 10);
INSERT INTO `spots` VALUES(582, 1, 1, 2);
INSERT INTO `spots` VALUES(582, 2, 1, 4);
INSERT INTO `spots` VALUES(582, 3, 1, 1);
INSERT INTO `spots` VALUES(582, 4, 1, 3);
INSERT INTO `spots` VALUES(582, 5, 1, 6);
INSERT INTO `spots` VALUES(583, 1, 1, 11);
INSERT INTO `spots` VALUES(583, 2, 1, 9);
INSERT INTO `spots` VALUES(583, 3, 1, 8);
INSERT INTO `spots` VALUES(583, 4, 1, 7);
INSERT INTO `spots` VALUES(583, 5, 1, 16);
INSERT INTO `spots` VALUES(584, 1, 1, 20);
INSERT INTO `spots` VALUES(584, 2, 1, 19);
INSERT INTO `spots` VALUES(585, 1, 1, 11);
INSERT INTO `spots` VALUES(585, 2, 1, 9);
INSERT INTO `spots` VALUES(585, 3, 1, 8);
INSERT INTO `spots` VALUES(585, 4, 1, 7);
INSERT INTO `spots` VALUES(585, 5, 1, 16);
INSERT INTO `spots` VALUES(586, 1, 1, 8);
INSERT INTO `spots` VALUES(586, 2, 1, 7);
INSERT INTO `spots` VALUES(586, 3, 1, 16);
INSERT INTO `spots` VALUES(587, 1, 1, 7);
INSERT INTO `spots` VALUES(587, 2, 1, 16);
INSERT INTO `spots` VALUES(588, 1, 1, 8);
INSERT INTO `spots` VALUES(588, 2, 1, 7);
INSERT INTO `spots` VALUES(588, 3, 1, 9);
INSERT INTO `spots` VALUES(588, 4, 1, 11);
INSERT INTO `spots` VALUES(588, 5, 1, 10);
INSERT INTO `spots` VALUES(589, 1, 1, 25);
INSERT INTO `spots` VALUES(589, 2, 1, 26);
INSERT INTO `spots` VALUES(589, 3, 1, 24);
INSERT INTO `spots` VALUES(590, 1, 1, 13);
INSERT INTO `spots` VALUES(590, 2, 1, 15);
INSERT INTO `spots` VALUES(590, 3, 1, 14);
INSERT INTO `spots` VALUES(591, 1, 1, 20);
INSERT INTO `spots` VALUES(591, 2, 1, 19);
INSERT INTO `spots` VALUES(592, 1, 1, 24);
INSERT INTO `spots` VALUES(592, 2, 1, 25);
INSERT INTO `spots` VALUES(592, 3, 1, 23);
INSERT INTO `spots` VALUES(593, 1, 1, 7);
INSERT INTO `spots` VALUES(593, 2, 1, 16);
INSERT INTO `spots` VALUES(594, 1, 1, 17);
INSERT INTO `spots` VALUES(594, 2, 1, 11);
INSERT INTO `spots` VALUES(594, 3, 1, 10);
INSERT INTO `spots` VALUES(595, 1, 1, 1);
INSERT INTO `spots` VALUES(595, 2, 1, 4);
INSERT INTO `spots` VALUES(595, 3, 1, 2);
INSERT INTO `spots` VALUES(595, 4, 1, 5);
INSERT INTO `spots` VALUES(596, 1, 1, 25);
INSERT INTO `spots` VALUES(596, 2, 1, 26);
INSERT INTO `spots` VALUES(596, 3, 1, 24);
INSERT INTO `spots` VALUES(597, 1, 1, 1);
INSERT INTO `spots` VALUES(597, 2, 1, 4);
INSERT INTO `spots` VALUES(597, 3, 1, 2);
INSERT INTO `spots` VALUES(597, 4, 1, 5);
INSERT INTO `spots` VALUES(598, 1, 1, 1);
INSERT INTO `spots` VALUES(598, 2, 1, 4);
INSERT INTO `spots` VALUES(598, 3, 1, 2);
INSERT INTO `spots` VALUES(598, 4, 1, 5);
INSERT INTO `spots` VALUES(599, 1, 1, 15);
INSERT INTO `spots` VALUES(599, 2, 1, 14);
INSERT INTO `spots` VALUES(600, 1, 1, 26);
INSERT INTO `spots` VALUES(600, 2, 1, 24);
INSERT INTO `spots` VALUES(601, 1, 1, 26);
INSERT INTO `spots` VALUES(601, 2, 1, 24);
INSERT INTO `spots` VALUES(602, 1, 1, 24);
INSERT INTO `spots` VALUES(602, 2, 1, 25);
INSERT INTO `spots` VALUES(602, 3, 1, 23);
INSERT INTO `spots` VALUES(603, 1, 1, 2);
INSERT INTO `spots` VALUES(603, 2, 1, 4);
INSERT INTO `spots` VALUES(603, 3, 1, 1);
INSERT INTO `spots` VALUES(603, 4, 1, 3);
INSERT INTO `spots` VALUES(603, 5, 1, 6);
INSERT INTO `spots` VALUES(604, 1, 1, 1);
INSERT INTO `spots` VALUES(604, 2, 1, 3);
INSERT INTO `spots` VALUES(604, 3, 1, 4);
INSERT INTO `spots` VALUES(604, 4, 1, 2);
INSERT INTO `spots` VALUES(604, 5, 1, 5);
INSERT INTO `spots` VALUES(605, 1, 1, 2);
INSERT INTO `spots` VALUES(605, 2, 1, 4);
INSERT INTO `spots` VALUES(605, 3, 1, 1);
INSERT INTO `spots` VALUES(605, 4, 1, 3);
INSERT INTO `spots` VALUES(605, 5, 1, 6);
INSERT INTO `spots` VALUES(606, 1, 1, 26);
INSERT INTO `spots` VALUES(606, 2, 1, 25);
INSERT INTO `spots` VALUES(606, 3, 1, 23);
INSERT INTO `spots` VALUES(607, 1, 1, 2);
INSERT INTO `spots` VALUES(607, 2, 1, 4);
INSERT INTO `spots` VALUES(607, 3, 1, 1);
INSERT INTO `spots` VALUES(607, 4, 1, 3);
INSERT INTO `spots` VALUES(607, 5, 1, 6);
INSERT INTO `spots` VALUES(608, 1, 1, 17);
INSERT INTO `spots` VALUES(608, 2, 1, 11);
INSERT INTO `spots` VALUES(608, 3, 1, 10);
INSERT INTO `spots` VALUES(609, 1, 1, 7);
INSERT INTO `spots` VALUES(609, 2, 1, 16);
INSERT INTO `spots` VALUES(610, 1, 1, 8);
INSERT INTO `spots` VALUES(610, 2, 1, 7);
INSERT INTO `spots` VALUES(610, 3, 1, 16);
INSERT INTO `spots` VALUES(611, 1, 1, 22);
INSERT INTO `spots` VALUES(611, 2, 1, 20);
INSERT INTO `spots` VALUES(611, 3, 1, 18);
INSERT INTO `spots` VALUES(611, 4, 1, 19);
INSERT INTO `spots` VALUES(612, 1, 1, 1);
INSERT INTO `spots` VALUES(612, 2, 1, 3);
INSERT INTO `spots` VALUES(612, 3, 1, 6);
INSERT INTO `spots` VALUES(613, 1, 1, 26);
INSERT INTO `spots` VALUES(613, 2, 1, 24);
INSERT INTO `spots` VALUES(614, 1, 1, 8);
INSERT INTO `spots` VALUES(614, 2, 1, 7);
INSERT INTO `spots` VALUES(614, 3, 1, 9);
INSERT INTO `spots` VALUES(614, 4, 1, 11);
INSERT INTO `spots` VALUES(614, 5, 1, 10);
INSERT INTO `spots` VALUES(615, 1, 1, 17);
INSERT INTO `spots` VALUES(615, 2, 1, 11);
INSERT INTO `spots` VALUES(615, 3, 1, 10);
INSERT INTO `spots` VALUES(616, 1, 1, 15);
INSERT INTO `spots` VALUES(616, 2, 1, 13);
INSERT INTO `spots` VALUES(616, 3, 1, 12);
INSERT INTO `spots` VALUES(617, 1, 1, 7);
INSERT INTO `spots` VALUES(617, 2, 1, 16);
INSERT INTO `spots` VALUES(618, 1, 1, 20);
INSERT INTO `spots` VALUES(618, 2, 1, 18);
INSERT INTO `spots` VALUES(618, 3, 1, 7);
INSERT INTO `spots` VALUES(618, 4, 1, 8);
INSERT INTO `spots` VALUES(618, 5, 1, 9);
INSERT INTO `spots` VALUES(619, 1, 1, 20);
INSERT INTO `spots` VALUES(619, 2, 1, 19);
INSERT INTO `spots` VALUES(620, 1, 1, 18);
INSERT INTO `spots` VALUES(620, 2, 1, 19);
INSERT INTO `spots` VALUES(621, 1, 1, 25);
INSERT INTO `spots` VALUES(621, 2, 1, 26);
INSERT INTO `spots` VALUES(621, 3, 1, 24);
INSERT INTO `spots` VALUES(622, 1, 1, 8);
INSERT INTO `spots` VALUES(622, 2, 1, 9);
INSERT INTO `spots` VALUES(622, 3, 1, 11);
INSERT INTO `spots` VALUES(622, 4, 1, 10);
INSERT INTO `spots` VALUES(623, 1, 1, 24);
INSERT INTO `spots` VALUES(623, 2, 1, 25);
INSERT INTO `spots` VALUES(623, 3, 1, 23);
INSERT INTO `spots` VALUES(624, 1, 1, 26);
INSERT INTO `spots` VALUES(624, 2, 1, 25);
INSERT INTO `spots` VALUES(624, 3, 1, 23);
INSERT INTO `spots` VALUES(625, 1, 1, 1);
INSERT INTO `spots` VALUES(625, 2, 1, 3);
INSERT INTO `spots` VALUES(625, 3, 1, 6);
INSERT INTO `spots` VALUES(626, 1, 1, 1);
INSERT INTO `spots` VALUES(626, 2, 1, 3);
INSERT INTO `spots` VALUES(626, 3, 1, 6);
INSERT INTO `spots` VALUES(627, 1, 1, 1);
INSERT INTO `spots` VALUES(627, 2, 1, 3);
INSERT INTO `spots` VALUES(627, 3, 1, 4);
INSERT INTO `spots` VALUES(627, 4, 1, 2);
INSERT INTO `spots` VALUES(627, 5, 1, 5);
INSERT INTO `spots` VALUES(628, 1, 1, 26);
INSERT INTO `spots` VALUES(628, 2, 1, 24);
INSERT INTO `spots` VALUES(629, 1, 1, 3);
INSERT INTO `spots` VALUES(629, 2, 1, 4);
INSERT INTO `spots` VALUES(629, 3, 1, 2);
INSERT INTO `spots` VALUES(629, 4, 1, 5);
INSERT INTO `spots` VALUES(630, 1, 1, 8);
INSERT INTO `spots` VALUES(630, 2, 1, 9);
INSERT INTO `spots` VALUES(630, 3, 1, 11);
INSERT INTO `spots` VALUES(630, 4, 1, 10);
INSERT INTO `spots` VALUES(631, 1, 1, 20);
INSERT INTO `spots` VALUES(631, 2, 1, 19);
INSERT INTO `spots` VALUES(632, 1, 1, 1);
INSERT INTO `spots` VALUES(632, 2, 1, 3);
INSERT INTO `spots` VALUES(632, 3, 1, 6);
INSERT INTO `spots` VALUES(633, 1, 1, 5);
INSERT INTO `spots` VALUES(633, 2, 1, 4);
INSERT INTO `spots` VALUES(633, 3, 1, 1);
INSERT INTO `spots` VALUES(633, 4, 1, 3);
INSERT INTO `spots` VALUES(633, 5, 1, 6);
INSERT INTO `spots` VALUES(634, 1, 1, 14);
INSERT INTO `spots` VALUES(634, 2, 1, 13);
INSERT INTO `spots` VALUES(634, 3, 1, 12);
INSERT INTO `spots` VALUES(635, 1, 1, 20);
INSERT INTO `spots` VALUES(635, 2, 1, 18);
INSERT INTO `spots` VALUES(635, 3, 1, 7);
INSERT INTO `spots` VALUES(635, 4, 1, 8);
INSERT INTO `spots` VALUES(635, 5, 1, 9);
INSERT INTO `spots` VALUES(636, 1, 1, 24);
INSERT INTO `spots` VALUES(636, 2, 1, 25);
INSERT INTO `spots` VALUES(636, 3, 1, 23);
INSERT INTO `spots` VALUES(637, 1, 1, 5);
INSERT INTO `spots` VALUES(637, 2, 1, 4);
INSERT INTO `spots` VALUES(637, 3, 1, 1);
INSERT INTO `spots` VALUES(637, 4, 1, 3);
INSERT INTO `spots` VALUES(637, 5, 1, 6);
INSERT INTO `spots` VALUES(638, 1, 1, 8);
INSERT INTO `spots` VALUES(638, 2, 1, 9);
INSERT INTO `spots` VALUES(638, 3, 1, 11);
INSERT INTO `spots` VALUES(638, 4, 1, 10);
INSERT INTO `spots` VALUES(639, 1, 1, 11);
INSERT INTO `spots` VALUES(639, 2, 1, 9);
INSERT INTO `spots` VALUES(639, 3, 1, 8);
INSERT INTO `spots` VALUES(639, 4, 1, 7);
INSERT INTO `spots` VALUES(639, 5, 1, 16);
INSERT INTO `spots` VALUES(640, 1, 1, 15);
INSERT INTO `spots` VALUES(640, 2, 1, 13);
INSERT INTO `spots` VALUES(640, 3, 1, 12);
INSERT INTO `spots` VALUES(641, 1, 1, 3);
INSERT INTO `spots` VALUES(641, 2, 1, 1);
INSERT INTO `spots` VALUES(641, 3, 1, 4);
INSERT INTO `spots` VALUES(641, 4, 1, 2);
INSERT INTO `spots` VALUES(641, 5, 1, 5);
INSERT INTO `spots` VALUES(642, 1, 1, 8);
INSERT INTO `spots` VALUES(642, 2, 1, 7);
INSERT INTO `spots` VALUES(642, 3, 1, 16);
INSERT INTO `spots` VALUES(643, 1, 1, 3);
INSERT INTO `spots` VALUES(643, 2, 1, 4);
INSERT INTO `spots` VALUES(643, 3, 1, 2);
INSERT INTO `spots` VALUES(643, 4, 1, 5);
INSERT INTO `spots` VALUES(644, 1, 1, 3);
INSERT INTO `spots` VALUES(644, 2, 1, 4);
INSERT INTO `spots` VALUES(644, 3, 1, 2);
INSERT INTO `spots` VALUES(644, 4, 1, 5);
INSERT INTO `spots` VALUES(645, 1, 1, 15);
INSERT INTO `spots` VALUES(645, 2, 1, 14);
INSERT INTO `spots` VALUES(646, 1, 1, 8);
INSERT INTO `spots` VALUES(646, 2, 1, 9);
INSERT INTO `spots` VALUES(646, 3, 1, 11);
INSERT INTO `spots` VALUES(646, 4, 1, 10);
INSERT INTO `spots` VALUES(647, 1, 1, 14);
INSERT INTO `spots` VALUES(647, 2, 1, 13);
INSERT INTO `spots` VALUES(647, 3, 1, 12);
INSERT INTO `spots` VALUES(648, 1, 1, 22);
INSERT INTO `spots` VALUES(648, 2, 1, 20);
INSERT INTO `spots` VALUES(648, 3, 1, 18);
INSERT INTO `spots` VALUES(648, 4, 1, 19);
INSERT INTO `spots` VALUES(649, 1, 1, 20);
INSERT INTO `spots` VALUES(649, 2, 1, 19);
INSERT INTO `spots` VALUES(650, 1, 1, 17);
INSERT INTO `spots` VALUES(650, 2, 1, 11);
INSERT INTO `spots` VALUES(650, 3, 1, 10);
INSERT INTO `spots` VALUES(651, 1, 1, 3);
INSERT INTO `spots` VALUES(651, 2, 1, 1);
INSERT INTO `spots` VALUES(651, 3, 1, 4);
INSERT INTO `spots` VALUES(651, 4, 1, 2);
INSERT INTO `spots` VALUES(651, 5, 1, 5);
INSERT INTO `spots` VALUES(652, 1, 1, 15);
INSERT INTO `spots` VALUES(652, 2, 1, 14);
INSERT INTO `spots` VALUES(653, 1, 1, 3);
INSERT INTO `spots` VALUES(653, 2, 1, 4);
INSERT INTO `spots` VALUES(653, 3, 1, 2);
INSERT INTO `spots` VALUES(653, 4, 1, 5);
INSERT INTO `spots` VALUES(654, 1, 1, 13);
INSERT INTO `spots` VALUES(654, 2, 1, 15);
INSERT INTO `spots` VALUES(654, 3, 1, 14);
INSERT INTO `spots` VALUES(655, 1, 1, 8);
INSERT INTO `spots` VALUES(655, 2, 1, 9);
INSERT INTO `spots` VALUES(655, 3, 1, 11);
INSERT INTO `spots` VALUES(655, 4, 1, 10);
INSERT INTO `spots` VALUES(656, 1, 1, 13);
INSERT INTO `spots` VALUES(656, 2, 1, 15);
INSERT INTO `spots` VALUES(656, 3, 1, 14);
INSERT INTO `spots` VALUES(657, 1, 1, 2);
INSERT INTO `spots` VALUES(657, 2, 1, 4);
INSERT INTO `spots` VALUES(657, 3, 1, 1);
INSERT INTO `spots` VALUES(657, 4, 1, 3);
INSERT INTO `spots` VALUES(657, 5, 1, 6);
INSERT INTO `spots` VALUES(658, 1, 1, 20);
INSERT INTO `spots` VALUES(658, 2, 1, 18);
INSERT INTO `spots` VALUES(658, 3, 1, 7);
INSERT INTO `spots` VALUES(658, 4, 1, 8);
INSERT INTO `spots` VALUES(658, 5, 1, 9);
INSERT INTO `spots` VALUES(659, 1, 1, 1);
INSERT INTO `spots` VALUES(659, 2, 1, 3);
INSERT INTO `spots` VALUES(659, 3, 1, 6);
INSERT INTO `spots` VALUES(660, 1, 1, 22);
INSERT INTO `spots` VALUES(660, 2, 1, 20);
INSERT INTO `spots` VALUES(660, 3, 1, 18);
INSERT INTO `spots` VALUES(660, 4, 1, 19);
INSERT INTO `spots` VALUES(661, 1, 1, 8);
INSERT INTO `spots` VALUES(661, 2, 1, 7);
INSERT INTO `spots` VALUES(661, 3, 1, 9);
INSERT INTO `spots` VALUES(661, 4, 1, 11);
INSERT INTO `spots` VALUES(661, 5, 1, 10);
INSERT INTO `spots` VALUES(662, 1, 1, 20);
INSERT INTO `spots` VALUES(662, 2, 1, 19);
INSERT INTO `spots` VALUES(663, 1, 1, 18);
INSERT INTO `spots` VALUES(663, 2, 1, 19);
INSERT INTO `spots` VALUES(664, 1, 1, 2);
INSERT INTO `spots` VALUES(664, 2, 1, 4);
INSERT INTO `spots` VALUES(664, 3, 1, 1);
INSERT INTO `spots` VALUES(664, 4, 1, 3);
INSERT INTO `spots` VALUES(664, 5, 1, 6);
INSERT INTO `spots` VALUES(665, 1, 1, 1);
INSERT INTO `spots` VALUES(665, 2, 1, 3);
INSERT INTO `spots` VALUES(665, 3, 1, 6);
INSERT INTO `spots` VALUES(666, 1, 1, 11);
INSERT INTO `spots` VALUES(666, 2, 1, 9);
INSERT INTO `spots` VALUES(666, 3, 1, 8);
INSERT INTO `spots` VALUES(666, 4, 1, 7);
INSERT INTO `spots` VALUES(666, 5, 1, 16);
INSERT INTO `spots` VALUES(667, 1, 1, 18);
INSERT INTO `spots` VALUES(667, 2, 1, 19);
INSERT INTO `spots` VALUES(668, 1, 1, 26);
INSERT INTO `spots` VALUES(668, 2, 1, 24);
INSERT INTO `spots` VALUES(669, 1, 1, 14);
INSERT INTO `spots` VALUES(669, 2, 1, 13);
INSERT INTO `spots` VALUES(669, 3, 1, 12);
INSERT INTO `spots` VALUES(670, 1, 1, 11);
INSERT INTO `spots` VALUES(670, 2, 1, 9);
INSERT INTO `spots` VALUES(670, 3, 1, 8);
INSERT INTO `spots` VALUES(670, 4, 1, 7);
INSERT INTO `spots` VALUES(670, 5, 1, 16);
INSERT INTO `spots` VALUES(671, 1, 1, 8);
INSERT INTO `spots` VALUES(671, 2, 1, 7);
INSERT INTO `spots` VALUES(671, 3, 1, 16);
INSERT INTO `spots` VALUES(672, 1, 1, 15);
INSERT INTO `spots` VALUES(672, 2, 1, 14);
INSERT INTO `spots` VALUES(673, 1, 1, 3);
INSERT INTO `spots` VALUES(673, 2, 1, 1);
INSERT INTO `spots` VALUES(673, 3, 1, 4);
INSERT INTO `spots` VALUES(673, 4, 1, 2);
INSERT INTO `spots` VALUES(673, 5, 1, 5);
INSERT INTO `spots` VALUES(674, 1, 1, 14);
INSERT INTO `spots` VALUES(674, 2, 1, 13);
INSERT INTO `spots` VALUES(674, 3, 1, 12);
INSERT INTO `spots` VALUES(675, 1, 1, 11);
INSERT INTO `spots` VALUES(675, 2, 1, 9);
INSERT INTO `spots` VALUES(675, 3, 1, 8);
INSERT INTO `spots` VALUES(675, 4, 1, 7);
INSERT INTO `spots` VALUES(675, 5, 1, 16);
INSERT INTO `spots` VALUES(676, 1, 1, 8);
INSERT INTO `spots` VALUES(676, 2, 1, 7);
INSERT INTO `spots` VALUES(676, 3, 1, 16);
INSERT INTO `spots` VALUES(677, 1, 1, 20);
INSERT INTO `spots` VALUES(677, 2, 1, 18);
INSERT INTO `spots` VALUES(677, 3, 1, 7);
INSERT INTO `spots` VALUES(677, 4, 1, 8);
INSERT INTO `spots` VALUES(677, 5, 1, 9);
INSERT INTO `spots` VALUES(678, 1, 1, 18);
INSERT INTO `spots` VALUES(678, 2, 1, 19);
INSERT INTO `spots` VALUES(679, 1, 1, 26);
INSERT INTO `spots` VALUES(679, 2, 1, 25);
INSERT INTO `spots` VALUES(679, 3, 1, 23);
INSERT INTO `spots` VALUES(680, 1, 1, 8);
INSERT INTO `spots` VALUES(680, 2, 1, 7);
INSERT INTO `spots` VALUES(680, 3, 1, 16);
INSERT INTO `spots` VALUES(681, 1, 1, 18);
INSERT INTO `spots` VALUES(681, 2, 1, 19);
INSERT INTO `spots` VALUES(682, 1, 1, 20);
INSERT INTO `spots` VALUES(682, 2, 1, 18);
INSERT INTO `spots` VALUES(682, 3, 1, 7);
INSERT INTO `spots` VALUES(682, 4, 1, 8);
INSERT INTO `spots` VALUES(682, 5, 1, 9);
INSERT INTO `spots` VALUES(683, 1, 1, 15);
INSERT INTO `spots` VALUES(683, 2, 1, 13);
INSERT INTO `spots` VALUES(683, 3, 1, 12);
INSERT INTO `spots` VALUES(684, 1, 1, 26);
INSERT INTO `spots` VALUES(684, 2, 1, 25);
INSERT INTO `spots` VALUES(684, 3, 1, 23);
INSERT INTO `spots` VALUES(685, 1, 1, 22);
INSERT INTO `spots` VALUES(685, 2, 1, 20);
INSERT INTO `spots` VALUES(685, 3, 1, 18);
INSERT INTO `spots` VALUES(685, 4, 1, 19);
INSERT INTO `spots` VALUES(686, 1, 1, 5);
INSERT INTO `spots` VALUES(686, 2, 1, 4);
INSERT INTO `spots` VALUES(686, 3, 1, 1);
INSERT INTO `spots` VALUES(686, 4, 1, 3);
INSERT INTO `spots` VALUES(686, 5, 1, 6);
INSERT INTO `spots` VALUES(687, 1, 1, 8);
INSERT INTO `spots` VALUES(687, 2, 1, 9);
INSERT INTO `spots` VALUES(687, 3, 1, 11);
INSERT INTO `spots` VALUES(687, 4, 1, 10);
INSERT INTO `spots` VALUES(688, 1, 1, 18);
INSERT INTO `spots` VALUES(688, 2, 1, 19);
INSERT INTO `spots` VALUES(689, 1, 1, 26);
INSERT INTO `spots` VALUES(689, 2, 1, 24);
INSERT INTO `spots` VALUES(690, 1, 1, 3);
INSERT INTO `spots` VALUES(690, 2, 1, 1);
INSERT INTO `spots` VALUES(690, 3, 1, 4);
INSERT INTO `spots` VALUES(690, 4, 1, 2);
INSERT INTO `spots` VALUES(690, 5, 1, 5);
INSERT INTO `spots` VALUES(691, 1, 1, 20);
INSERT INTO `spots` VALUES(691, 2, 1, 19);
INSERT INTO `spots` VALUES(692, 1, 1, 24);
INSERT INTO `spots` VALUES(692, 2, 1, 25);
INSERT INTO `spots` VALUES(692, 3, 1, 23);
INSERT INTO `spots` VALUES(693, 1, 1, 1);
INSERT INTO `spots` VALUES(693, 2, 1, 3);
INSERT INTO `spots` VALUES(693, 3, 1, 6);
INSERT INTO `spots` VALUES(694, 1, 1, 13);
INSERT INTO `spots` VALUES(694, 2, 1, 15);
INSERT INTO `spots` VALUES(694, 3, 1, 14);
INSERT INTO `spots` VALUES(695, 1, 1, 2);
INSERT INTO `spots` VALUES(695, 2, 1, 4);
INSERT INTO `spots` VALUES(695, 3, 1, 1);
INSERT INTO `spots` VALUES(695, 4, 1, 3);
INSERT INTO `spots` VALUES(695, 5, 1, 6);

-- --------------------------------------------------------

--
-- Table structure for table `spot_types`
--

CREATE TABLE `spot_types` (
  `spot_type_id` int(11) NOT NULL auto_increment,
  `spot_type_title` varchar(255) NOT NULL,
  PRIMARY KEY  (`spot_type_id`)
) ENGINE=MyISAM DEFAULT CHARSET=utf8 AUTO_INCREMENT=1 ;

--
-- Dumping data for table `spot_types`
--


-- --------------------------------------------------------

--
-- Table structure for table `users`
--

CREATE TABLE `users` (
  `user_id` int(11) NOT NULL auto_increment,
  `user_name` varchar(255) character set utf8 collate utf8_bin NOT NULL,
  `user_password` varchar(255) character set utf8 collate utf8_bin NOT NULL,
  `date_registered` timestamp NOT NULL default CURRENT_TIMESTAMP,
  PRIMARY KEY  (`user_id`)
) ENGINE=InnoDB  DEFAULT CHARSET=utf8 AUTO_INCREMENT=7 ;

--
-- Dumping data for table `users`
--

INSERT INTO `users` VALUES(1, 'mladen', '40bd001563085fc35165329ea1ff5c5ecbdbbeef', '2013-10-26 09:24:40');
INSERT INTO `users` VALUES(2, 'alex', '40bd001563085fc35165329ea1ff5c5ecbdbbeef', '2013-10-26 09:24:40');
INSERT INTO `users` VALUES(3, 'sam', '40bd001563085fc35165329ea1ff5c5ecbdbbeef', '2013-10-27 04:24:00');
INSERT INTO `users` VALUES(4, 'sari', '40bd001563085fc35165329ea1ff5c5ecbdbbeef', '2013-10-27 04:24:00');
INSERT INTO `users` VALUES(5, 'riccardo', '40bd001563085fc35165329ea1ff5c5ecbdbbeef', '2013-10-27 04:24:41');
INSERT INTO `users` VALUES(6, 'visitor', '4ed0428505b0b89fe7bc1a01928ef1bd4c77c1be', '2013-10-27 04:26:51');

-- --------------------------------------------------------

--
-- Table structure for table `user_attributes`
--

CREATE TABLE `user_attributes` (
  `user_attr_id` int(11) NOT NULL auto_increment,
  `user_attr_title` varchar(255) NOT NULL,
  PRIMARY KEY  (`user_attr_id`)
) ENGINE=MyISAM  DEFAULT CHARSET=utf8 AUTO_INCREMENT=4 ;

--
-- Dumping data for table `user_attributes`
--

INSERT INTO `user_attributes` VALUES(1, 'number_of_pubs');
INSERT INTO `user_attributes` VALUES(2, 'budget_type');
INSERT INTO `user_attributes` VALUES(3, 'user_first_name');

-- --------------------------------------------------------

--
-- Table structure for table `user_attributes_list`
--

CREATE TABLE `user_attributes_list` (
  `user_id` int(11) NOT NULL,
  `user_attr_id` int(11) NOT NULL,
  `user_attr_value` varchar(255) NOT NULL
) ENGINE=MyISAM DEFAULT CHARSET=utf8;

--
-- Dumping data for table `user_attributes_list`
--

INSERT INTO `user_attributes_list` VALUES(1, 1, '5');
INSERT INTO `user_attributes_list` VALUES(2, 1, '4');
INSERT INTO `user_attributes_list` VALUES(1, 2, '3');
INSERT INTO `user_attributes_list` VALUES(2, 2, '4');
INSERT INTO `user_attributes_list` VALUES(1, 3, 'Mladen');
INSERT INTO `user_attributes_list` VALUES(2, 3, 'Alex');
INSERT INTO `user_attributes_list` VALUES(3, 3, 'Sam');
INSERT INTO `user_attributes_list` VALUES(4, 3, 'Sari');
INSERT INTO `user_attributes_list` VALUES(5, 3, 'Riccardo');
INSERT INTO `user_attributes_list` VALUES(6, 3, 'Visitor');

-- --------------------------------------------------------

--
-- Table structure for table `zones`
--

CREATE TABLE `zones` (
  `zone_id` int(11) NOT NULL auto_increment,
  `zone_name` varchar(255) NOT NULL,
  PRIMARY KEY  (`zone_id`)
) ENGINE=MyISAM  DEFAULT CHARSET=utf8 AUTO_INCREMENT=6 ;

--
-- Dumping data for table `zones`
--

INSERT INTO `zones` VALUES(1, 'Camden & Westminster');
INSERT INTO `zones` VALUES(2, 'Aldgate');
INSERT INTO `zones` VALUES(3, 'Temple');
INSERT INTO `zones` VALUES(4, 'Barbican & London Fashion College');
INSERT INTO `zones` VALUES(5, 'Camden');

